nome;country;points;position;move;page_no
Arturo Coello;ESP;19800;1;0;1
Agustin Tapia;ARG;19800;1;0;1
Alejandro Galan;ESP;17320;3;0;1
Federico Chingotto;ARG;17320;3;0;1
Franco Stupaczuk;ARG;7905;5;0;1
Juan Lebron;ESP;7845;6;0;1
Jorge Nieto;ESP;6322;7;0;1
Miguel Yanguas;ESP;6322;7;0;1
Francisco Navarro;ESP;6115;9;0;1
Leandro Augsburger;ARG;5155;10;0;1
Jon Sanz;ESP;5125;11;0;1
Martin Di Nenno;ARG;5110;12;0;1
Lucas Bergamini;BRA;4550;13;0;1
Francisco Guerrero;ESP;4410;14;0;1
Jeronimo Gonzalez;ESP;4350;15;0;1
Javier Leal;ESP;3665;16;0;1
Juan Tello;ARG;3330;17;0;1
Eduardo Alonso;ESP;2955;18;0;1
Leonel Daniel Aguirre;ARG;2870;19;0;1
Gonzalo Gabriel Alfonso;ARG;2760;20;0;1
Alejandro Ruiz;ESP;2570;21;0;1
Javier Garrido;ESP;2528;22;0;1
Javier Garcia;ESP;2500;23;0;1
Javier Barahona;ESP;2475;24;0;1
Pablo Cardona;ESP;2400;25;0;1
Alejandro Arroyo;ESP;2354;26;0;1
Juanlu Esbri;ESP;2292;27;0;1
Lucas Campagnolo;BRA;2280;28;0;1
Alex Chozas;ARG;2252;29;0;1
Jairo Bautista;ESP;2201;30;0;1
Carlos Daniel Gutierrez;ARG;2148;31;0;1
Inigo Jofre;UAE;1941;32;0;1
Jose Antonio Diestro;ESP;1935;33;0;1
Victor Ruiz;ESP;1794;34;0;1
David Gala Sanchez;ESP;1736;35;0;1
Jose Jimenez Casas;ESP;1591;36;0;1
Pablo Garcia Rodrigo;ESP;1580;37;0;2
Javier Ruiz;ESP;1518;38;0;2
Francisco Cabeza Teres;ESP;1507;39;0;2
Pol Hernandez Alvarez;ESP;1506;40;0;2
Guillermo Collado Losada;ESP;1463;41;0;2
Gonzalo Rubio;ESP;1461;42;0;2
Maximiliano Sanchez Blasco;ARG;1449;43;0;2
Valentino Gabriel Libaak;ARG;1447;44;0;2
Francisco Manuel Gil;ESP;1398;45;0;2
Pablo Lijo;ESP;1390;46;1;2
Diego Garcia Garcia;ESP;1379;47;-1;2
Nuno Deus;POR;1367;48;0;2
Miguel Deus;POR;1367;48;0;2
Alvaro Cepero;ESP;1325;50;0;2
Maximiliano Sanchez;ARG;1293;51;0;2
Eduardo Agustin Torre;ARG;1209;52;0;2
Juan Ignacio Rubini;ARG;1184;53;0;2
Denis Tomas Perino;ITA;1181;54;0;2
Ignacio Piotto Albornoz;ARG;1169;55;0;2
Ignacio Sager;ESP;1145;56;0;2
Luis Hernandez Quesada;ESP;1138;57;0;2
Andres Fernandez Lancha;ESP;1104;58;0;2
Maximiliano Arce Simo;ARG;1085;59;0;2
Enrique Goenaga;ESP;1060;60;0;2
Jose Luis Gonzalez;ESP;1060;60;0;2
Facundo Dominguez;ITA;1040;62;0;2
Antonio Fernandez;ESP;1024;63;0;2
Enzo Jensen Sirvent;ITA;1003;64;0;2
Aimar Goñi Lacabe;ESP;985;65;0;2
Javier Martinez;ESP;982;66;0;2
Juan Cruz Belluati;ARG;975;67;0;2
Aris Patiniotis;ITA;965;68;0;2
Alonso Rodriguez Martinez;ESP;964;69;0;2
Mario Del Castillo;ESP;963;70;0;2
Mario Huete Hernandez;ESP;962;71;0;2
Marc Sintes Villalonga;ESP;954;72;0;2
Marco Cassetta;ITA;953;73;0;3
Mario Ortega;ESP;947;74;0;3
Flavio Abbate;ITA;945;75;0;3
Daniel Santigosa Sastre;ESP;942;76;0;3
Emilio Sanchez Chamero;ESP;940;77;0;3
Anton Sans;ESP;931;78;0;3
Federico Mouriño;ARG;928;79;0;3
Marc Quilez;ESP;911;80;0;3
Teodoro Zapata;ESP;911;80;0;3
Manuel Castaño Salguero;ESP;894;82;0;3
Alvaro Montiel Caruso;ITA;878;83;0;3
Javier Valdes;CHI;853;84;0;3
Ramiro Jesus Valenzuela;ARG;848;85;0;3
Agustin Gutierrez;ARG;839;86;0;3
Álvaro Melendez Amaya;ESP;824;87;0;3
Miguel Lamperti;ARG;818;88;0;3
Salvador Oria;ESP;812;89;0;3
Adam Axelsson;SWE;810;90;0;3
Ignacio Vilariño Gestoso;ESP;772;91;0;3
Clement Geens;BEL;744;92;0;3
Jesus Moya;ESP;728;93;0;3
Simone Cremona;ITA;709;94;3;3
Alejandro Jerez Carnero;ESP;696;95;-1;3
Simon Vasquez;SWE;694;96;-1;3
Boris Castro Garcia;ESP;691;97;-1;3
Jaume Romera Barcelo;ESP;646;98;0;3
Nacho Moragues Moltò;ESP;616;99;0;3
Luciano Capra;ARG;596;100;0;3
Jose Rico;ESP;578;101;0;3
Juan Ignacio De Pascual;ARG;571;102;0;3
Ferran Insa Sotillo;ESP;569;103;0;3
Mariano Agustin Gonzalez San Martin;PAR;567;104;0;3
Juan Zamora Perez;ESP;565;105;0;3
Adrian Marques Berdonce;ESP;549;106;0;3
Alberto Garcia Jimenez;ESP;549;106;0;3
Rafael Mendez;ESP;521;108;0;3
Arnau Ayats;UAE;512;109;1;4
Ramiro Moyano;ARG;502;110;2;4
Javier Rico;ESP;500;111;2;4
Guillem Figuerola Santiago;ESP;499;112;-3;4
Simone Iacovino;ITA;489;113;1;4
Rodrigo Coello Manso;ESP;487;114;1;4
Manuel Aragon Herrera;ESP;485;115;2;4
Pedro Melendez Amaya;ESP;484;116;2;4
Christian Medina Murphy;GBR;477;117;2;4
Pepe Aliaga;ESP;473;118;-2;4
Roberto Belmont Pastor;ESP;469;119;-8;4
Santiago Jose Pineda Cabello;ESP;460;120;0;4
Diego Gil;ESP;455;121;0;4
Thijs Roper;NED;453;122;0;4
Youp De Kroon;NED;451;123;0;4
Diego Dorta Diaz;ESP;450;124;0;4
Johan Bergeron;FRA;444;125;0;4
Bastien Blanque;FRA;441;126;0;4
Lorenzo Di Giovanni;ITA;441;126;0;4
Sten Richters;NED;436;128;7;4
Nicolas Suescun;ITA;435;129;-1;4
Dylan Guichard;FRA;428;130;0;4
Fran Ramirez Navas;ESP;427;131;0;4
Giulio Graziotti;ITA;422;132;0;4
Julian Prins;NED;411;133;0;4
Alvaro Pozo Marroyo;ESP;408;134;0;4
Marcos Gonzalez Blanco;ESP;406;135;1;4
Miguel Melero Bernal;ESP;401;136;1;4
Gustavo Nunes;POR;400;137;1;4
Albert Roglan Pons;ESP;397;138;1;4
Alberto Garcia Trabanco;ESP;394;139;1;4
Pau Miñano Ortinez;ESP;389;140;1;4
Diego Arredondo Garcia;MEX;387;141;7;4
Martin Abud;PAR;387;141;1;4
Christian Fuster;ESP;385;143;0;4
Albin Olsson;SWE;384;144;0;4
Julian Lacamoire;ARG;384;144;0;5
Manuel Gayone;ARG;382;146;0;5
Youssef Hossam;EGY;382;146;0;5
Victor Tur Checa;ESP;375;148;-19;5
Miguel Angel Solbes;ESP;372;149;0;5
Miguel Gonzalez;ESP;370;150;0;5
Victor Mena;ESP;370;150;0;5
Miguel Benitez Lara;ESP;368;152;0;5
Albert Trillas Garcia;ESP;365;153;0;5
José Enrique Giménez Barcelona;ESP;364;154;0;5
Nicolas Zurita;ITA;359;155;0;5
Renzo Gabriel Nuñez;ARG;353;156;0;5
Facundo Rodrigo Luis Lopez;ARG;352;157;1;5
Pedro Araujo;POR;351;158;1;5
Pablo Sanchez Vicente;ESP;347;159;1;5
Felipe Calleja;ARG;340;160;1;5
Marcos Cordoba;ESP;338;161;-5;5
Axel William Guevara;ARG;336;162;0;5
Agustin Reca;GER;335;163;0;5
Adrian Naranjo Martinez;ESP;330;164;0;5
Thomas Leygue;FRA;329;165;0;5
Guillermo Fernandez Sanchez;ESP;329;165;0;5
Joao Maria Caiano;POR;328;167;0;5
Jaime Munoz;ESP;328;167;0;5
Alejandro Calvo Perez;ESP;324;169;1;5
Antonio Luque;POR;324;169;1;5
Julien Seurin;FRA;324;169;0;5
Facundo Dehnike;PAR;323;172;0;5
Alvaro Lopez Luque;ESP;321;173;0;5
Alfonso Sanchez Arriaga;ESP;320;174;0;5
Menno Nolten;NED;315;175;0;5
Federico Chiostri;ARG;308;176;0;5
Alejandro Merino Nieto;ESP;303;177;0;5
Afonso Fazendeiro;POR;302;178;0;5
Sergio Icardo;UAE;301;179;0;5
Diogo Jesus;POR;290;180;1;5
Adrian Ronco Lopez;ESP;286;181;1;6
Sergio Tierno Herrero;ESP;286;181;1;6
Daniel Windahl;SWE;279;183;1;6
Ivan Ramirez;ESP;277;184;1;6
Pablo Castillo Valverde;ESP;276;185;1;6
Pablo Molina Tofanelli;ARG;275;186;1;6
Timeo Fonteny;FRA;272;187;1;6
Luciano Puppo;ARG;269;188;1;6
Maxime Joris;FRA;268;189;0;6
Joel Olivera Palos;ESP;267;190;-10;6
Candido Jorge Alfaro;ESP;265;191;0;6
Jairo Guerrero Escarcena;ESP;261;192;1;6
Luis Oliver Artigas;ESP;260;193;10;6
Philemon Raichman;FRA;260;193;-2;6
Hector Vazquez Lopez;ESP;258;195;-1;6
Gerard Arnaldos Serrano;ESP;258;195;-1;6
Cristobal Martinez;CHI;258;195;-1;6
Juan Pablo Dametto;ARG;258;195;-1;6
Marcel Font;ESP;257;199;-1;6
Jose Solano Marmolejo;ESP;254;200;-1;6
Antonio Varo Ramos;ESP;249;201;-1;6
Yoan Boronad;FRA;247;202;-1;6
Bart Van Opstal;NED;247;202;-1;6
Toni Bueno;ESP;245;204;0;6
Sergio Arias Aznar;ESP;245;204;0;6
Cristian German Gutierrez;ARG;243;206;0;6
Kevin Uriel Kviatkovski;ARG;242;207;0;6
Pedro Graca;POR;239;208;0;6
Maximo Jesus Maldonado;ARG;233;209;0;6
Franco Renato Dal Bianco;ARG;231;210;0;6
Samuel Rivas Garcia;ESP;230;211;0;6
Mattia Di Bari;ITA;227;212;0;6
Oscar Matias Almada;ARG;225;213;0;6
Pedro Perry;POR;225;213;0;6
Dylan Demian Cuello;ARG;223;215;0;6
Pablo Reina Ambel;ESP;222;216;0;6
Karlos Rodriguez Vidal;ESP;222;216;0;7
Ignacio Archieri;ARG;221;218;0;7
Jose Pablo Padilla;MEX;220;219;0;7
Ramiro Pereyra;ARG;219;220;0;7
Juan Manuel Argañaras;ARG;219;220;0;7
Wagdy Raslan;EGY;219;220;0;7
Jose Roman Martinez Sanchis;ESP;219;220;0;7
Vinny Nahuel Di Francesco;USA;214;224;0;7
Miguel Morales Domenech;ESP;212;225;0;7
Henrique Barbosa;POR;212;225;0;7
Borja Trujillo Chang;ESP;211;227;0;7
Nicolas Crosio;ARG;210;228;0;7
Antonio Palma;ITA;209;229;0;7
Daniele Cattaneo;ITA;207;230;0;7
Douglas Rutgersson;SWE;207;230;0;7
Francisco Jurado Sosa;UAE;204;232;0;7
Leonardo Yob;ARG;204;232;0;7
Isaac Huysveld;BEL;203;234;0;7
Zé Alexandre Meireles;POR;203;234;0;7
Vasco Pascoal;POR;197;236;0;7
Santino Giuliani Lombardo;ITA;195;237;0;7
Andrea Mangiante;ITA;190;238;1;7
Matteo Sargolini;ITA;188;239;1;7
Thomas Panken;NED;188;239;1;7
Santiago Rolla;ARG;187;241;1;7
Francisco Maier;ARG;186;242;1;7
Carlos Marti;ESP;186;242;1;7
Miguel Oliveira;POR;183;244;1;7
Joaquin Nicolas Escalona Linz;CHI;183;244;1;7
Nicolas Rouanet;FRA;180;246;-8;7
Willy Släryd;SWE;180;246;1;7
Daniel Appelgren;SWE;178;248;0;7
Georges Wakim;EGY;176;249;11;7
Iago Fuertes Leonardo;ESP;176;249;0;7
Arthur Hugounenq;FRA;175;251;-1;7
Sergio Nieto Simon;ESP;173;252;0;7
Pier Giulio Farabbi;ITA;172;253;-2;8
Victor Ortega Garcia;ESP;172;253;1;8
Sergi Guimet Bigas;ESP;169;255;8;8
Mateo Rivero;ARG;169;255;0;8
Adrian Rodriguez rodriguez-Manzaneque;ESP;168;257;-5;8
Noe Sanchez Del Viejo;ESP;167;258;-2;8
Pablo Cuesta Gomez;ESP;165;259;-2;8
Oscar Sebber Gormsen;DEN;163;260;-2;8
Jordi Casanova Bataller;ESP;163;260;-2;8
Aly Zaghloul;EGY;160;262;-1;8
Noa Bonnefoy;ITA;159;263;-1;8
Jorrit Hazebroek;NED;155;264;-1;8
Nino Zweers;NED;154;265;0;8
Bohou Zhang;CHN;154;265;0;8
Juan Cruz Forastello;ARG;153;267;0;8
Roger Aromi Siquier;ESP;153;267;0;8
Steve Piernicola Stracquadaini;ITA;150;269;1;8
Matheus De Avila Simonato;BRA;150;269;1;8
Bram Meijer;NED;149;271;2;8
Thomas Vanbauce;FRA;148;272;-2;8
Giuseppe Fino;ITA;148;272;2;8
Marc Lupon Martinez;ESP;147;274;-5;8
Mateo Conte Gonzalez;ARG;147;274;1;8
Octavio Alvarez;ARG;146;276;0;8
Juan Jose Dominguez Cruz;ESP;146;276;0;8
Carlos Perez Cabeza;ESP;144;278;0;8
Diogo Correa Rodrigues;BRA;144;278;0;8
Ignacio Alonso Chillaron;ESP;143;280;0;8
Federico Galli;ITA;142;281;0;8
Simone Vaccari;ITA;140;282;1;8
Arnau Candelo Casas;ESP;139;283;1;8
Lucas Cunha;BRA;139;283;1;8
Mateo Alvarez;CHI;138;285;1;8
Marc Bernils Garcia;ESP;137;286;1;8
Joaquin De Astoreca;ARG;137;286;1;8
Gaston Lazzarini;ARG;135;288;1;8
Kai Groen;NED;135;288;1;9
Cristobal Garcia Blanco;ESP;134;290;1;9
Joaquim Florensa Hernandez;ESP;134;290;1;9
Riccardo Sinicropi;ITA;134;290;1;9
Miguel Martin Cano;ESP;133;293;2;9
Ivo Andenmatten Gudiño;ARG;133;293;2;9
Rodrigo Manrique Nuño;ESP;131;295;2;9
Eneko Arija Ochoa De Alda;ESP;131;295;2;9
Max Bjorkman;SWE;130;297;-15;9
Juan Ignacio Franco;ARG;129;298;2;9
Jose Pedro Montalban Martin;ESP;126;299;2;9
Adrian Molina Lopez;ESP;126;299;2;9
Aleix Pozo Rius;ESP;125;301;-2;9
Matteo Platania;ITA;124;302;1;9
Pablo Pastor Landaburu;ESP;123;303;-12;9
Matias Emiliano Gutierrez C.;ARG;122;304;0;9
Jose David Sanchez;ESP;122;304;0;9
Ferran Gonzalez Zamorano;ESP;121;306;0;9
Jose Manuel Ortiz Llerena;ESP;120;307;0;9
Juan Ignacio Balzola Galvani;ARG;119;308;0;9
Miguel Muñoz Zurita;ESP;118;309;0;9
Abraham Muñoz Zurita;ESP;117;310;0;9
Nicolas Cordoba;ARG;117;310;0;9
Aaron Garcia Rubio;ESP;117;310;0;9
Juan Manuel Lasgoity;ITA;116;313;0;9
Alejandro Prados;ESP;116;313;0;9
Antonio Graupera;ARG;116;313;0;9
Sergio Alba;ESP;115;316;0;9
Sergi Nogueras Lorenz;ESP;115;316;0;9
Arnau Carbonell Ortells;ESP;114;318;0;9
Enzo Vista;ITA;114;318;0;9
Daniel Martinez Otero;ESP;113;320;0;9
Marco Antonio Quereda Moreno;ESP;112;321;0;9
Bernardo Tavares;POR;111;322;0;9
Mashari Nawaf;QAT;111;322;0;9
Nicolas Van Betuw;NED;111;322;0;9
Matias Soto;CHI;110;325;1;10
Mats Groen;NED;109;326;-4;10
Jorrit Notenboom;NED;108;327;1;10
Manuel Vives;FRA;108;327;1;10
Vasileios Sioulis;GRE;108;327;1;10
Ali Dawani;BRN;107;330;1;10
Nathan Courrin;FRA;107;330;-3;10
Ruben Fernandez Sansano;ESP;106;332;3;10
Benjamin Tison;FRA;106;332;3;10
Sergio Esteban Barroso;ESP;104;334;-3;10
Alejandro Guinaldo Martin;ESP;103;335;2;10
Alexander Loughlan;GBR;103;335;2;10
Plinio Ferrao;POR;103;335;2;10
Henrique Orge;POR;102;338;2;10
Salvador Ferreira Nunes Foios Simões;POR;102;338;2;10
Alejandro Blanco Sollet;ESP;101;340;2;10
David Esteban Esposito;ESP;101;340;7;10
Emiliano Martin Iriart;ITA;100;342;1;10
Mauro Agustin Salandro;ITA;100;342;1;10
Santiago Sebastian Strazzabopo Nieves;ARG;99;344;1;10
Michele Brambilla;ITA;99;344;1;10
Daniel Blanco Dopazo;ESP;98;346;1;10
Louie Harris;GBR;97;347;2;10
Juan Pablo Castillo;MEX;97;347;2;10
Fabricio Ivan Peiron;ARG;97;347;2;10
Marco Remolina Pablo;ESP;96;350;3;10
Gonzalo Perez Arbona;ESP;96;350;3;10
Tygho Schoonus;NED;95;352;1;10
Matias Emmanuel Del Moral;ARG;95;352;5;10
Leon David Ruiz Shannon;ESP;95;352;1;10
Rashed Nawaf;QAT;95;352;5;10
Alvaro Martinez Espi;ESP;94;356;3;10
Francisco Gomes;BRA;94;356;3;10
Juan Figueroa Ayala;ESP;94;356;3;10
Mohammed Saadon Alkuwari;QAT;93;359;3;10
Adrian Baamonde;ESP;92;360;3;10
Josep Aymerich Bellmunt;ESP;92;360;-11;11
Nicolò Turchetti;ITA;92;360;3;11
Daniele Catini;ITA;92;360;3;11
Gonzalo Vera;ARG;91;364;2;11
Joaquin Mazzeo Rubi;ARG;91;364;2;11
Cameron Dollimore;GBR;90;366;26;11
Tiago Valério;POR;90;366;2;11
Lorenzo Chionna;ITA;90;366;2;11
Patricio Belluati;ESP;89;369;1;11
Javier Del Cacho Cidoncha;ESP;88;370;1;11
Bruno Ferreira Pedrosa;POR;88;370;1;11
Jan Masferrer;ESP;88;370;1;11
Cristobal Molina;CHI;87;373;1;11
Daniel Llorente Ruiz;ESP;87;373;1;11
Pablo Acevedo Iturribarria;MEX;87;373;1;11
Pablo Francisco Amora Hernandez;MEX;87;373;1;11
Daniel Luna Peinado;ESP;87;373;1;11
Lucas Mañero Cervo Baeza;ESP;86;378;1;11
Harold Bernard;FRA;86;378;1;11
Guillermo Vera Cebollero;ESP;85;380;-1;11
Pol Alsina;ESP;85;380;-49;11
Thijs De Kroon;NED;85;380;4;11
Max Sjovall;FIN;85;380;-49;11
Kwan Lam Vincent Chau;HKG;84;384;-5;11
Thomas Seux;FRA;84;384;-5;11
Fabricio Parra Heck;ARG;84;384;2;11
Alvaro Lopez Campos;ESP;83;387;-1;11
Matteo Rosingana;ITA;83;387;1;11
Teo Gamondi;ARG;83;387;1;11
Facundo Erguy;ARG;83;387;1;11
Ricardo Martins;POR;83;387;1;11
Alejandro Garcia Calahorro;ESP;82;392;0;11
Roman Wink;NED;81;393;1;11
Bentahor Espino Mustafa;ESP;81;393;1;11
Javier Garcia Caro;ESP;80;395;-1;11
Jorge Correa Cordoba;ESP;80;395;2;11
Merlijn De Krom;NED;79;397;0;12
Francesco Spurio;ITA;78;398;1;12
Giorgio Saputo;ITA;78;398;1;12
Filippo Rudelli;ITA;77;400;1;12
Singgih Ario Suselo;INA;77;400;14;12
Martin Araujo De Lizarza;URU;77;400;1;12
Samuel Jones;GBR;77;400;1;12
Gabriel Perez Carral;ESP;76;404;0;12
Luis Soares Da Veiga;POR;76;404;0;12
Kazuki Tomita;JPN;76;404;14;12
Stefano Indomenico;ITA;76;404;0;12
Jose Angel Montoya;MEX;76;404;0;12
Lorenzo Minighini;ITA;76;404;0;12
Leonid Poliakov;RUS;75;410;-1;12
Andres Graupera;ARG;75;410;-1;12
Clement Pelt;LUX;75;410;-1;12
Antonis Asimakopoulos;GRE;75;410;-1;12
Nicholas Agritelley;USA;75;410;-1;12
Alejandro Caton Calvo;ESP;74;415;-1;12
Imran Danill Van Dijk;NED;74;415;-1;12
Rayane Akram Hamou;ALG;74;415;-1;12
Matteo Maria Sperati;ITA;73;418;0;12
Zar Lasahido;INA;73;418;0;12
Gerard Gimeno Centelles;ESP;72;420;2;12
Diego Agustin Marcial;ARG;71;421;2;12
Alejandro Urzola Abad;ESP;71;421;2;12
Maciej Naduk;POL;71;421;2;12
Henrique Brazao;POR;71;421;2;12
Abdulla Alhijji;QAT;69;425;3;12
Javier Mena Moreno;ESP;69;425;3;12
Gonzalo Camara Rodriguez;ESP;69;425;3;12
Mostafa Hesham;EGY;69;425;3;12
Higor Ensslin Alves;URU;69;425;3;12
Theodore Garton;GBR;68;430;38;12
Lars Du Pree;NED;68;430;3;12
Aitor Garcia;ESP;68;430;3;12
Jeremy Robert;FRA;68;430;3;13
Mariano Cabrera;ARG;68;430;3;13
Adrien Maigret;FRA;68;430;-12;13
Kamel Mouimen;FRA;67;436;-3;13
Nicolas Aguirre Sanchez;ESP;67;436;2;13
Lorenzo Mancini;ITA;67;436;2;13
Zè Pedro Ferreira;POR;66;439;1;13
Lorenzo Bogarin;ITA;66;439;1;13
Joel Fernandez Muñoz;ESP;65;441;-1;13
Ids Hannema;NED;65;441;2;13
Alessandro Tinti;ITA;65;441;2;13
Francisco Britos;ARG;65;441;2;13
Manuel Sousa;POR;65;441;2;13
Daniel Beneyto Sanchez;ESP;64;446;1;13
Bohdan Levchuk;UKR;64;446;1;13
Pavlos-Louis Balafas;GRE;64;446;1;13
Arturo Miguel Hernando Nuñez;ESP;63;449;1;13
Edu Altimires Ros;ESP;63;449;-65;13
Manuel Valcarcel Sanchez;ESP;63;449;1;13
Daniel Salinas Ordenes;CHI;63;449;1;13
Jose Gabriel Jimenez Jimenez;ESP;63;449;1;13
Matias Negrete Oliva;CHI;63;449;1;13
Adrian Allemandi;ARG;63;449;1;13
Mauricio Suarez Gonzalez;MEX;62;456;0;13
Raul Marcos;ESP;62;456;0;13
Martin Martinez Perez;ESP;62;456;0;13
Andrea Bettineschi;ITA;61;459;0;13
Ivan Boluda Pitarch;ESP;61;459;0;13
Nicolas Peña Ruiz;ESP;61;459;0;13
Pedro Sousa Martinez;ESP;61;459;0;13
Alejandro Jimenez Juanas;ESP;61;459;0;13
David Quiros Peiro;ESP;61;459;0;13
Omar Salem;EGY;61;459;0;13
Austin Varghese;IND;61;459;0;13
Rogrigo Tornelli Contreras;ESP;60;467;1;13
Romain Sichez;FRA;60;467;1;13
Alvaro Sola Sala;ESP;60;467;1;14
Ethan Bardo;GBR;60;467;1;14
Arturo Calzada Felici;ESP;59;471;2;14
Mauricio Garcia Villalobos;MEX;59;471;2;14
Ignacio Miguel Corbo;ARG;59;471;2;14
Ricardo Martinez;ESP;59;471;2;14
Daniel Maldonado Fornieles;ESP;59;471;2;14
Alvaro Del Saz Garcia;ESP;58;476;2;14
Yeray Conejero Cotillas;ESP;58;476;2;14
Pietro Giovannini;ITA;58;476;2;14
Yanis Muesser;FRA;58;476;2;14
Nikhil Mohindra;GBR;58;476;2;14
Antonio Garcia Fernandez;ESP;57;481;2;14
Jorge Angles Ponce;ESP;57;481;2;14
Guillermo Molina garcía-Muro;ESP;57;481;2;14
Leonardo Bulgarini;ITA;57;481;2;14
Mario Yohakim Prayanto;INA;56;485;2;14
Guilherme Coelho;POR;56;485;2;14
Xavi Rodriguez Vila;ESP;56;485;2;14
Pablo Olmo Villa;ESP;56;485;2;14
Naim Horacio Diaz;ARG;55;489;2;14
Pedro Gonzalez Martin;ESP;55;489;2;14
Sergio Jimenez Amozurrutia;MEX;55;489;2;14
Kilian Jordan;SUI;55;489;2;14
Hugo Lorenzo Serrano;ESP;55;489;2;14
Gonzalo Federico Lopez;ARG;55;489;2;14
Joao Pedro Flores;BRA;54;495;4;14
Ivo Agustin Nuñez;ARG;54;495;4;14
Gabriel Bili?ski;POL;54;495;4;14
Adrian Maria Miranda;PAR;54;495;4;14
Rayan Abdulla Aljufairi;QAT;54;495;4;14
Lucas Pillon;FRA;53;500;4;14
Manuel Ramirez Perez;ESP;53;500;-9;14
Thomas Basso;FRA;53;500;4;14
Leonardo Abbate;ITA;53;500;4;14
Juan Manuel Romanazzi;ARG;53;500;4;14
Alonso Villavicencio Mancilla;CHI;52;505;3;15
Izan Marin;ESP;52;505;3;15
Julien Biron;FRA;52;505;3;15
Jerzy Janowicz;POL;52;505;3;15
Jose Alberto Funes Ontivero;ARG;52;505;3;15
Chun Ho Chow;HKG;51;510;3;15
Fabian Oviedo Berazategui;ARG;51;510;3;15
Olivier Guy De Chamisso;FRA;51;510;3;15
Matias Segura;USA;51;510;3;15
Nathan Lambrechts;BEL;51;510;3;15
Mohammad Tuwainah;KUW;51;510;3;15
Mohammed Al Khanji;QAT;51;510;3;15
Jaime Lobo Wordsworth;GBR;51;510;3;15
Relis Ferreyra;ARG;51;510;3;15
Peter Potasch;SVK;51;510;3;15
Giulio Lovascio;ITA;50;520;3;15
Maximiliano Montaño;MEX;50;520;3;15
Luca Santino Cortese;ARG;50;520;3;15
Maxime Forcin;FRA;50;520;-61;15
Ruben Cuevas Tornero;ESP;50;520;3;15
Jort Nolten;NED;50;520;3;15
Lucas Orduña Dejoz;ESP;49;526;4;15
Mauricio A Rivero;ARG;49;526;4;15
Michal Skonieczny;POL;49;526;4;15
Francisco Coirini;ARG;49;526;4;15
Iago Gonzalez Niño;ESP;49;526;4;15
Karol Krawczy?ski;POL;49;526;4;15
Giulio Lucchetti;ITA;49;526;4;15
Pedro Navas Platero;ESP;49;526;4;15
Jake Bewley;GBR;48;534;4;15
Lucas Danuzzo;ARG;48;534;4;15
Joaquin Terceros;ARG;48;534;4;15
Javier Mesa Arenas;ESP;48;534;-11;15
Alan Gabriel Ibarrola;ARG;48;534;4;15
Skirmantas Macinskas;LTU;48;534;4;15
Simon Wagner;FRA;48;534;-11;15
Carlos Mateo Gallego;ESP;48;534;4;16
Nojus Poska;LTU;48;534;4;16
Fares Al Janahi;UAE;48;534;4;16
Michal Bartusek;POL;48;534;4;16
Andres Calzada Felici;ESP;47;545;2;16
Moritz Eiersebner;AUT;47;545;2;16
Majed Al Janahi;UAE;46;547;2;16
Angel Torres;CHI;46;547;2;16
Shungo Kusakabe;JPN;46;547;2;16
Axel Waris;FIN;46;547;2;16
Amr Mohammed Hassan;QAT;45;551;2;16
Vicente Andrades Caro;CHI;45;551;2;16
Pedro Carlos Garcia-Consuegra gutierrez;ESP;45;551;2;16
Pablo Nicolas Egea;ARG;45;551;2;16
Pedro Alonso;ESP;45;551;2;16
Ulises Martinez Avila;MEX;45;551;2;16
Alejandro Zaragoza Madrid;ESP;44;557;2;16
Juan Pablo Andrada;ARG;44;557;2;16
Victor Forsberg;SWE;44;557;-66;16
Maneea Allah Almaqaleh;QAT;43;560;1;16
Martim Gomes;POR;43;560;1;16
Bruno Zem Nunes;BRA;43;560;1;16
Ricardo Gomez martinez-Campos;ESP;43;560;1;16
Alberto Micali;ITA;43;560;1;16
Joaquin Bastos Veltri;ARG;43;560;1;16
Raul Rosas;MEX;43;560;1;16
Filippo Nicocia;ARG;43;560;1;16
Gabriele Karol Maria Stracquadaini;ITA;43;560;1;16
Francesco Berta;ITA;43;560;1;16
Juan Carlos Gutierrez Guerrero;ESP;42;570;1;16
Timothy Brown;AUS;42;570;1;16
Martim Solano;POR;42;570;1;16
Gerardo Irarrazabal Alvarez;CHI;41;573;2;16
Tomas Luco;ARG;41;573;2;16
Rafael Marquet;FRA;41;573;-2;16
Hassan Adel Waly;QAT;41;573;2;16
Aziz Khan;PAK;40;577;1;17
Jorge Jimenez;MEX;40;577;1;17
Martin Araguete Sales;ESP;40;577;1;17
Lautaro Rodrigo Guevara;ARG;40;577;1;17
Guillermo Lahoz Rodriguez;ESP;40;577;1;17
Hayato Nakayashiki;JPN;40;577;1;17
Aram Kocharyan;ARM;40;577;1;17
Vasco Mensurado;POR;40;577;1;17
Moises Rafael Rivero;MEX;40;577;1;17
Daniele De Paolis;ITA;40;577;1;17
Himar Acosta Suárez;ESP;40;577;1;17
Matias Jimenez Colombres;CHI;40;577;1;17
Guillermo Espinoza Concha;CHI;40;577;1;17
Nikander Damianos;NED;40;577;1;17
Jose Maria Alvarez Torres;MEX;40;577;1;17
Sean Zachary Lo Escoto;HKG;40;577;1;17
Diogo Veiga Pereira;POR;39;593;1;17
Johannes Lindmeyer;GER;39;593;1;17
Max Moral Mullol;ESP;39;593;1;17
Matthias Wunner;GER;39;593;1;17
Hugo Girona Diaz;ESP;39;593;1;17
Ko Momokawa;JPN;39;593;38;17
Javier Nuñez Lopez;ESP;39;593;-166;17
Andres Britos;ITA;39;593;1;17
Emilio Juan De Dios Benitez Arrien;ARG;38;601;-1;17
Luciano Perez Gentile;ARG;38;601;-1;17
Samuel Pontes;ESP;38;601;-1;17
Alejo Gimenez;ARG;38;601;-1;17
Jose Antonio De Armas;USA;37;605;-1;17
Diego Pascual Simon Tomas;ESP;37;605;-1;17
Islam Ghunaim;BRN;37;605;-1;17
Exequiel Mouriño;ARG;37;605;-1;17
Mohamed Kassem;EGY;37;605;-1;17
Moises Rafael Castillo Contreras;MEX;37;605;-1;17
Patricio Opazo Arias;CHI;37;605;-1;17
Gabriele Laurino;ITA;36;612;-1;17
Tommaso Forneris;ITA;36;612;-1;18
Jose Alban Paz De La Llave;MEX;36;612;-1;18
Sherif Mohamed Makhlouf;EGY;36;612;-1;18
Christian Didier Chin Zao Quan;MAS;36;612;-1;18
Luis Enrique Barrientos Garcia;MEX;36;612;-1;18
Carlos Miguel Pelaez Suarez;ESP;36;612;-1;18
Daniel Nino;COL;36;612;-1;18
Saveliy Tulupov;RUS;35;620;0;18
Pablo Navarro Almagro;ESP;35;620;0;18
Dhari Alansari;KUW;35;620;0;18
Christian Orduña Guzman;MEX;35;620;0;18
Ignacio Tellez Rodriguez;ESP;35;620;0;18
Leon Aurelius Taira Hoy;JPN;35;620;0;18
Lucas Filippini;FRA;35;620;0;18
Martin Noschese;ARG;35;620;0;18
Ariel Cabaral;PHI;35;620;0;18
Javier Rodriguez Marquez;ESP;35;620;0;18
Abdulrahman Alawadhi;KUW;35;620;0;18
Tomas Azocar;CHI;34;631;0;18
Ben Phillips;GBR;34;631;0;18
Karim Beltagi;EGY;34;631;0;18
Gaston Diaz;ARG;34;631;0;18
Jaime Martin Cano;ESP;34;631;0;18
Salvador Atencia Basilio;ESP;34;631;0;18
Hugo Jimenez Reina;ESP;34;631;0;18
Mainard Mendel Sahagun;PHI;34;631;0;18
Marin Santiago Alejo;ARG;33;639;1;18
Federico Alejandro Fleitas;ARG;33;639;1;18
Mohamed El Garhy;EGY;33;639;1;18
Alvaro Salgado Soriano;ESP;33;639;1;18
Ignacio Tato Cantalapiedra;ESP;33;639;1;18
Egmond Van Heerden;RSA;33;639;1;18
Diogo Moreira;POR;33;639;1;18
Anthony Hyjazi;LBN;33;639;1;18
Erwan Wiyono;INA;33;639;1;18
Hassan Tarek Shaheen;EGY;33;639;1;18
Issa Zayed;QAT;32;649;4;19
Tomas Martinez Pezoa;CHI;32;649;4;19
Vinayak Shrivastav;IND;32;649;4;19
Alejandro Correa;ESP;32;649;4;19
Matteo Mancini;ITA;32;649;4;19
Lucas Miranda Santos;ESP;32;649;111;19
Izan Ranera Pedrero;ESP;32;649;-9;19
Juan Carlos Vargas Vera;MEX;32;649;4;19
Sebastian Muñoz Campos;CHI;32;649;4;19
Omar Sabry;EGY;32;649;4;19
Jaime Fermosell Delgado;ESP;32;649;4;19
Wenceslao Osorio Flores;ESP;32;649;4;19
Mario Rodriguez Marcos;ESP;32;649;4;19
Cosmin Constantin Bardan;ROU;32;649;-9;19
Orlando Juarez Cano;MEX;31;663;1;19
Manuel Muñoz Lozano;ESP;31;663;1;19
Gonçalo Valente;POR;31;663;1;19
Erko Nigula;EST;31;663;1;19
Pavel Karpushkin;RUS;31;663;1;19
Matias Vicencio Labarca;CHI;31;663;1;19
Ignacio Jara Saez;CHI;31;663;1;19
Yevgeniy Danilov;KAZ;31;663;1;19
Lluis Miró Garrido;ESP;31;663;1;19
Bernardo Bastos;POR;31;663;1;19
Felix Gonzalez Rodriguez;ESP;31;663;1;19
Philip Orloff;SUI;30;674;1;19
Neils Koesoemahadi;INA;30;674;40;19
Luis Facundo Sayes;ARG;30;674;1;19
Omar Makhlouf;EGY;30;674;1;19
Daniel Luengo Calado;ESP;30;674;1;19
Lucas Franco Rodriguez;ARG;30;674;1;19
Javier Navarro Perez;ESP;30;674;1;19
Pablo Vacarezza Kuhlmann;CHI;30;674;1;19
Alvaro Bermejo De Alamo;ESP;30;674;1;19
Izan Gil Sampere;ESP;30;674;1;19
Simon Charaf Jones;MEX;29;684;0;19
Quintin Vos;NED;29;684;0;20
Adrian Martinez Galindo;ESP;29;684;0;20
Jarrett Laabs;USA;29;684;48;20
Marwan Fayad;EGY;29;684;0;20
Javier Lopez Garcia;ESP;29;684;0;20
Tristan Piombo;FRA;29;684;0;20
Javier Bolumar Orti;ESP;29;684;0;20
Alejandro Chaveli Canovas;ESP;29;684;0;20
Alejandro Alcaraz Gonzalez;MEX;29;684;0;20
Muzaaffer Atakan Ozuysal;TUR;29;684;0;20
Marco Mismetti;ITA;29;684;0;20
Murilo Weber;BRA;29;684;0;20
Omar Zaher;EGY;28;697;-1;20
Emil Lilleøre madsen;DEN;28;697;-1;20
Jairo Ajenjo Gomez;ESP;28;697;-1;20
Abdulla Alaqili;UAE;28;697;-1;20
Mohamed El-Hamamy;EGY;28;697;-1;20
Richard Ashforth;RSA;28;697;-1;20
Tom Farquharson;GBR;28;697;-1;20
Gonzalo Escobar;ARG;28;697;-1;20
Alessandro Pirrotta;ITA;28;697;-1;20
Thiago Pinto;ARG;28;697;-1;20
Ariff Suffian Bin Zainal Abidin;MAS;28;697;-1;20
Tiago Fernandes;POR;28;697;-1;20
Lautaro Mambrini;ARG;28;697;-1;20
Alex Tur Checa;ESP;28;697;-1;20
Naser Al Obaidly;KUW;28;697;-1;20
Andres Ortuño De Pablo;ESP;28;697;-1;20
Samuel Rodriguez;PAR;28;697;-1;20
Alberto Simon Garcia;ESP;28;697;-1;20
Theo Bernardo Dos Santos;BRA;27;715;-1;20
Eleftherios Theodorou;GRE;27;715;-1;20
Matias Damian Gonzalez;ITA;27;715;-1;20
Samy Charni;FRA;27;715;-1;20
Carlos Del Pico Torres;ESP;27;715;-1;20
Yohan Borgel;FRA;27;715;-1;20
Matias Karelovic;CHI;27;715;-1;21
Wojciech Szczesny;POL;27;715;-1;21
Carlos Fernandez-Cañadas paredes;ESP;27;715;-1;21
Bernardo Roque;POR;27;715;-1;21
Henrique Marsiglia;BRA;27;715;-1;21
Sebastian Nair Rodriguez;PAR;27;715;-1;21
Hampus Drakenberg;SWE;27;715;-1;21
Pierre Perez Le Tiec;FRA;27;715;-1;21
Mateusz Lipinski;POL;27;715;-1;21
Alejandro Tasa Van Beek;ESP;27;715;-1;21
Alfonso Diaz Ponce;ESP;26;731;1;21
Hassan Barakat;EGY;26;731;1;21
Manuel Correia;POR;26;731;1;21
Hussein Gomaa;EGY;26;731;1;21
Jairo Rueda;ESP;26;731;1;21
Nicolas Lujan Torres;CHI;26;731;1;21
Alvaro Sola Alba;ESP;26;731;1;21
Guillermo Guerreño Pigola;PAR;26;731;1;21
Josh Gilbert;GBR;26;731;1;21
Mohamed Aboulkassem;EGY;26;731;1;21
Pierre Petit Fernandez;PAR;26;731;1;21
Sergis Kyratzis;CYP;26;731;1;21
Yannick Verwater;NED;26;731;1;21
Pablo Rojas;CHI;26;731;1;21
Marcelo Vidaurreta Villanueva;MEX;26;731;1;21
Tomas Dos Santos Nunes;POR;26;731;1;21
Pedro Sequeira;BRA;26;731;1;21
Elias Nasif;ARG;25;748;3;21
Andrea Di Martino;ITA;25;748;3;21
Enzo Silva;BRA;25;748;3;21
I Putu Anandana Adi Guna;INA;25;748;3;21
Alvaro Gonzalez Figueroa;ESP;25;748;3;21
Carlos Flores Peñate;ESP;25;748;3;21
Pierre Vincent;FRA;25;748;-137;21
Ludovic Hutzemakers;BEL;25;748;3;21
Fredrik Lonnqvist;SWE;25;748;3;21
Andre Biro;HUN;24;757;-6;22
Pelayo Bucero Sanchez;ESP;24;757;3;22
Martim Nunes;POR;24;757;3;22
Jose Antonio Crespo Sanchez;ESP;24;757;3;22
Linus Frost;SWE;24;757;3;22
Lucas Landais;FRA;24;757;3;22
Abdullah Ahli;UAE;24;757;3;22
Adrian Garcia Caballero;ESP;24;757;3;22
Zhanibek Umbetov;KAZ;24;757;3;22
Ignacio Andres Lehyt Sances;CHI;24;757;3;22
Stefano Wirawan;INA;24;757;3;22
Lorenzo Romano;ITA;24;757;3;22
Shashank Narde;IND;24;757;69;22
Andre Veiga Trindade;URU;24;757;3;22
Bruno Costa;POR;24;757;3;22
Thiago Henrique Gasparin Santos;BRA;24;757;3;22
Cayan Chiodi Appel;BRA;24;757;3;22
Belar Vera Lopez;ESP;24;757;3;22
Toni Neykov;BUL;24;757;3;22
Xie Zongnan;CHN;23;776;3;22
Diego Arnoldo Ruiz Espinosa;MEX;23;776;3;22
Argel Alexandro Albanes;MEX;23;776;3;22
Ahmed El Derwy;EGY;23;776;3;22
Aimar Lopez Catalan;ESP;23;776;3;22
Pavel Tatarnikov;RUS;23;776;3;22
Antonio Alamillo Alcaide;ESP;23;776;3;22
Pablo Chacon Diaz;ESP;23;776;3;22
Ivan Del Águila Navarro;ESP;23;776;3;22
Florian Vandelanotte;BEL;23;776;3;22
Emmanuel Riesgo Méndez;ESP;23;776;-16;22
Sebastian Lagos Cerezo;CHI;23;776;3;22
Angelo Rizza;ITA;23;776;3;22
Raul Ruiz Alvarez;USA;23;776;3;22
Diego Nino;COL;22;790;2;22
Abdulrahman Alazzam;KSA;22;790;2;22
Jorge Ruiz;ESP;22;790;2;22
Tameem Salloum;EGY;22;790;2;23
Oscar Mozo Garcia;ESP;22;790;2;23
Gonçalo Costa Liberato;POR;22;790;2;23
Abdullah Alabdulla;UAE;22;790;2;23
Qassem Alobidan;KSA;22;790;2;23
Pablo Marqués Gonzalez;ESP;22;790;2;23
Eduardo Herrero Del Riego;ESP;22;790;2;23
Edoardo Lecchi;ITA;22;790;2;23
Omar Matias Ortiz;ARG;22;790;2;23
Catalin Tropin;MDA;22;790;2;23
Faisal Alrebdi;KSA;22;790;2;23
Enric Sanmarti Beleta;ESP;22;790;2;23
Hassan Sabry;EGY;22;790;2;23
Vicente Jofre Venegas;CHI;22;790;2;23
Abdullah Alabdullah;KSA;22;790;2;23
Sebastian Solenghi;ARG;22;790;2;23
Damien Lozano;FRA;22;790;2;23
Fernando Gonzalez;CHI;22;790;2;23
Aaron Segura;USA;22;790;2;23
Adria Mercadal;ESP;22;790;-150;23
Selahattin Yazar;TUR;22;790;2;23
Guillermo Closa Pucernau;ESP;22;790;2;23
Antonio Terzo;ITA;22;790;2;23
Sebastien Garcia Ortega;BEL;22;790;2;23
Maxime Deloyer;BEL;22;790;2;23
Alvaro Moreno Herrera;ESP;22;790;2;23
Matias Gonzalez;CHI;22;790;2;23
Roberto Rodriguez Alonso;ESP;21;820;-28;23
Mohamed Al Janahi;UAE;21;820;6;23
Jeronimo Escalante Diz;MEX;21;820;6;23
Eduardo Barbosa Sessim Da Silva;BRA;21;820;6;23
Alberto Gasca Romero;ESP;21;820;6;23
Mahdi Behboodi;IRI;21;820;6;23
Noah Cecchi;NED;21;820;6;23
Manav Sreekumar;IND;21;820;6;23
Maheno Fontaine;FRA;21;820;6;23
Bilal Duprat;FRA;21;820;-28;24
Daniil Bobokhanov;RUS;21;820;6;24
Amadeo Catala Lopez;ESP;21;820;6;24
Javier Vazquez Bennassar;ESP;21;820;6;24
Matteo Greco;ITA;21;820;6;24
Mikel Blanco Dorao;ESP;21;820;6;24
Breno Oliveira Enke;BRA;21;820;6;24
Tomas Cunietti;ARG;21;820;6;24
Ahmed Alaa Marzouk;EGY;21;820;6;24
Leonardo Becker;BRA;21;820;6;24
Renato De Aguiar Chuirki;BRA;21;820;6;24
Pablo Villaroya Lazaro;ESP;21;820;6;24
Aley Shokeir;EGY;21;820;6;24
Ahmed Mostafa Nazir;EGY;21;820;6;24
Fabio Da Costa Araujo;POR;21;820;6;24
Julio Cesar Julianoti;BRA;21;820;6;24
Marcos Bersch Da Cruz;BRA;21;820;6;24
Petros Chrysochos;CYP;21;820;6;24
Asier Gago Martinez;ESP;21;820;-88;24
Pere Miralles Galiana;ESP;20;848;4;24
Gonzalo Valdivieso Comesaña;CHI;20;848;4;24
Erick Eduardo Martínez Torres;MEX;20;848;4;24
Mauricio Alvarez;CHI;20;848;4;24
Xander De Wever;BEL;20;848;4;24
Diego Alejandro Cosio Posadas;MEX;20;848;4;24
Jorge Hernan Tupayachi Llanos;ESP;20;848;4;24
Raul Peralta Corredor;ESP;20;848;4;24
Mohammed Ragab;EGY;20;848;4;24
Robert Moore;HKG;20;848;4;24
Bram Coene;BEL;20;848;-56;24
Gabriel Lara Morejon;ESP;20;848;4;24
Manfredi La Punzina;ITA;20;848;4;24
Adria Lopez Caldentey;ESP;20;848;-56;24
German Rodriguez Quesada;ESP;20;848;4;24
Daniel Pashayan;RUS;19;863;2;24
Joaquin Gaitan Bernardi;ARG;19;863;2;24
Mohammad Saeid Gholamhoseinpour;IRI;19;863;2;25
Gabriele Derosas;ITA;19;863;2;25
Kian Rezaee;IRI;19;863;2;25
Asier Martinez Lopez;ESP;19;863;2;25
Alvaro Jauregui Sadaba;ESP;19;863;2;25
Victor Miguel Saenz De Navarrete Martin;ESP;19;863;2;25
Vasco Estevens Barbosa;POR;19;863;2;25
Beihang Fu;CHN;19;863;2;25
Mahmoud Moharam;EGY;19;863;2;25
Simon Yitbarek;SWE;19;863;2;25
Tomas Posse;ARG;19;863;2;25
Isidoro Salamanca Fernandez;ESP;19;863;2;25
Matteo Quatrana;ITA;19;863;2;25
Maximo Cornejo Gonzalez;ARG;18;878;2;25
Hugo Estebanez Estevez;ESP;18;878;2;25
Luis Alfonso Chacon Gilo;ESP;18;878;2;25
Bernardo De Marco Rigon;BRA;18;878;2;25
Jacopo Bulgarelli;ITA;18;878;2;25
Valentino Acosta Kremnitzer;ARG;18;878;2;25
Antonio Pedro Pragana;POR;18;878;2;25
Noam Cohen;ISR;18;878;2;25
Oscar Diaz Jauregui;MEX;18;878;2;25
Louis Jover;FRA;18;878;2;25
Isak William Bäckman;SWE;18;878;2;25
David Villalta Aguilar;ESP;18;878;2;25
Jose Pablo Garza De La Peña;MEX;18;878;2;25
Warren Kuhn;RSA;18;878;2;25
Antonio Corpas Bermudez;ESP;18;878;2;25
Alfons Lopez;SWE;18;878;2;25
Gabriel Londero Almeida;BRA;18;878;2;25
Asier Cabana Martin;ESP;18;878;2;25
Renan Lobo Bosco;BRA;18;878;2;25
Antti Kampman;FIN;18;878;2;25
Antonio Borja Mulet;ESP;18;878;2;25
Artem Matus;RUS;18;878;2;25
Fernando Agustin Vega;ARG;18;878;2;25
Ke Zhao;CHN;18;878;2;26
Adam Van Harte;RSA;18;878;2;26
Agustin Gallardo;ARG;18;878;2;26
Pablo Cenoz;ESP;18;878;2;26
Santiago Castro Recio;MEX;18;878;2;26
Aaron Cohen;ISR;18;878;2;26
Malthe Nielsen;DEN;17;907;2;26
Iker Rodriguez Sanchez;ESP;17;907;2;26
Nicolas Brusa;ITA;17;907;2;26
Erik Thomaidis;RUS;17;907;2;26
Sam Macneil;GBR;17;907;2;26
Denis Merkulov;RUS;17;907;2;26
André Monteiro Maia;POR;17;907;2;26
Alejandro Navas Balaguer;ESP;17;907;2;26
Jose Antonio Arcos;ESP;17;907;2;26
Saif Alhammadi;UAE;17;907;2;26
Youssef Abdelbadie;EGY;17;907;2;26
Maximilian Brent;GBR;17;907;2;26
Adilyar Muzdybayev;KAZ;17;907;2;26
Simon Iafare;;17;907;2;26
Maximiliano Labbè;CHI;17;907;2;26
Oliver Hayday;GBR;17;907;2;26
Shengkai Yang;CHN;17;907;2;26
Amilcar Gaston Bejarano;ARG;17;907;2;26
Theo Suzanna;FRA;17;907;2;26
Armand Baboian;ROU;17;907;2;26
Javier Eloy Perez Perez;ESP;17;907;2;26
Artemii Besedin;RUS;17;907;2;26
Julio Pulido Alegre;ESP;17;907;2;26
Arya Roghani;IRI;17;907;2;26
Xander Aue;NED;16;931;2;26
Tiago Lourenço Santos;POR;16;931;2;26
Nicolas Fernandez Lozon De Cantelmi;ESP;16;931;-139;26
Miguel Vieira;POR;16;931;2;26
Erik Nordström;SWE;16;931;2;26
Kamran Ismailov;AZE;16;931;2;26
Marc Monturiol Cordoba;ESP;16;931;2;27
Gustav Eriksson;SWE;16;931;2;27
Jaime Pérez Martín;ESP;16;931;2;27
Vladimir Nifontov;RUS;16;931;2;27
Santino Contreras;ARG;16;931;2;27
Nachi Blazquez Domínguez;ESP;16;931;2;27
Jasha Saas;NED;16;931;2;27
Pedro Yañez Guevara;CHI;16;931;2;27
Agustín Alvarez;ECU;16;931;2;27
Damien Hall;AUS;16;931;28;27
Amr Adel;EGY;16;931;2;27
Gerard Marti Morales;ESP;16;931;2;27
Colin Marshall;GBR;16;931;2;27
Guillermo Lozano García De Paredes;ESP;16;931;2;27
Mohamed Michel Hussein Khachab;CIV;16;931;2;27
Guillaume Ledrap;FRA;16;931;2;27
Miguel Ines Vaz;POR;16;931;2;27
Ali Ahmed;SUD;16;931;2;27
Majed Kilani;TUN;16;931;2;27
Leonardo Ariel Torres;ARG;16;931;2;27
Jabor Al-Mutawa;QAT;16;931;2;27
Borja Sierra Del Val;MEX;16;931;2;27
Thomas Saiani;ITA;15;959;0;27
Kirill Kolganov;KAZ;15;959;0;27
Oumar Ka;SEN;15;959;0;27
Alessandro Ferrero;ITA;15;959;0;27
Samuel Martinez Soriano;ESP;15;959;0;27
Jeremy Scatena;FRA;15;959;0;27
Pablo Simon Garcia;ESP;15;959;0;27
Alfonso Patacho;GBR;15;959;0;27
Francisco Javier Vergillos Alonso;ESP;15;959;0;27
Amin Tiago Leiva;ARG;15;959;0;27
Youssef Ait Oumelloul;MAR;15;959;0;27
David Fernandes;POR;15;959;0;27
Juan Pedro Ramirez Ruiz;ESP;15;959;0;27
Hugo Jorquera Santos;ESP;15;959;0;27
Alvaro Llaneza Garcia;ESP;15;959;0;28
Federico Andres Sarmiento;ARG;15;959;0;28
Paulo Hillal;BRA;15;959;0;28
Pau Monclus Jubany;ESP;15;959;0;28
Alberto Bagarello;ITA;15;959;0;28
Christian Paolo;ITA;15;959;0;28
Alessandro Antoniazzi;ITA;15;959;0;28
Alvaro Vila Obregon;ESP;15;959;0;28
Fernando Matias Albornoz;ARG;15;959;0;28
Daniel Rubio Galtsova;ESP;15;959;0;28
Diego Garcia Brito;ESP;15;959;0;28
Christian De Sanctis;ESP;14;984;2;28
Andres Macchiavello;CHI;14;984;2;28
Jose Miguel Montes Diaz;CHI;14;984;2;28
Joaquin Alan Giorgi Bustos;ARG;14;984;2;28
Rodrigo Lopez Santin;ESP;14;984;2;28
Izan Violero Lloret;ESP;14;984;2;28
Max Bendel;RSA;14;984;2;28
Tade Jensen;GER;14;984;2;28
Mahmut ?ahuto?ullar?;TUR;14;984;2;28
Oliver Szakacs;HUN;14;984;2;28
Anastasios Mandalenakis;GRE;14;984;2;28
Ethan Miguel Gonzalez Herrera;ESP;14;984;2;28
Wenjie Wang;CHN;14;984;2;28
Francis Eduard Parangan;PHI;14;984;2;28
Yousif Ghunaim;BRN;14;984;2;28
Maximiliano Jael Cejas;ARG;14;984;2;28
Jose Mari Liong;PHI;14;984;2;28
Pablo Gonzalez Neria;ESP;14;984;2;28
Manuel Maira;CHI;14;984;2;28
Edoardo Zecchinelli;ITA;14;984;2;28
Joris De Weerdt;BEL;14;984;2;28
Ionian Antonelly Carballo Hernandez;MEX;14;984;2;28
Ashish Kumar;IND;14;984;2;28
Paulo Bravo;CHI;14;984;2;28
Prakhyath Kc;IND;14;984;2;28
Abraham Rodriguez Gomez;ESP;14;984;2;29
Enol Delgado Martinez;ESP;14;984;2;29
Andre Freitas;BRA;14;984;2;29
Ali Abdelaziz;EGY;14;984;2;29
Kun Ye;CHN;14;984;2;29
Antonio Campo;ITA;14;984;2;29
Mohammed Atif Hyder;IND;14;984;2;29
Alonso Calvache;ESP;14;984;2;29
Pedro Jesus Robles Rodriguez;ESP;14;984;2;29
Mickey Guerin;BEL;14;984;2;29
Nicolas Arno;ARG;14;984;2;29
Arsham Moradi Nejad Marian;IRI;14;984;2;29
Moos Sporken;NED;14;984;2;29
Chunxiao Qu;CHN;14;984;2;29
Tommy Smith;GBR;14;984;2;29
Diogo Alves;POR;14;984;2;29
Javier Collantes Guijo;ESP;14;984;2;29
Matas Poska;LTU;14;984;2;29
Ulises Correa;ARG;14;984;2;29
Daniel Muñoz Romero;ESP;14;984;2;29
Kasparas Poska;LTU;14;984;2;29
Sebastian Castaneda;USA;13;1030;5;29
Pablo Nicolas Silberman;ARG;13;1030;5;29
Alberto Cerrocchi;ITA;13;1030;5;29
Paul Henri Teyssedre;FRA;13;1030;5;29
Lucas Fernandes;BRA;13;1030;5;29
Pablo Humberto Montoya Ramirez;MEX;13;1030;5;29
Carlos Garcia-Alix alarcon;ESP;13;1030;5;29
Tobias Pintos Castro;ARG;13;1030;5;29
Artem Avdieiev;UKR;13;1030;5;29
Christopher Verdura;FRA;13;1030;5;29
Julian Rodrigo Caceres Rodriguez;ARG;13;1030;5;29
Federico Alejandro Vega;ARG;13;1030;5;29
Joao E. Moraes Maneck;BRA;13;1030;5;29
Silvain Moreau;FRA;13;1030;5;29
Oscar Dominguez Montes De Oca;ESP;13;1030;5;29
Ismael Linero;ESP;13;1030;5;30
Mike Tanoso;INA;13;1030;5;30
Ronan Bruandet;FRA;13;1030;5;30
Lautaro Chartron;ARG;13;1030;5;30
Tomas Barros Queiroz De Mesquita Guimarães;POR;13;1030;5;30
Daan Jans;NED;13;1030;5;30
David Perez Sanz;ESP;13;1030;5;30
Mario Alberto Yañez Tapia;MEX;13;1030;5;30
Alessandro Zaccagnino;ITA;13;1030;5;30
Victor Ribes Tierno;ESP;13;1030;5;30
Jan Wajgt;POL;13;1030;5;30
Jean Paul Nassar;GHA;13;1030;5;30
Valentinus Wibawa;INA;13;1030;5;30
Chris Salisbury;GBR;13;1030;5;30
Baptiste Maitre;FRA;13;1030;5;30
Abdulaziz Redha;KUW;13;1030;5;30
Juan Pablo Perez Damian;MEX;13;1030;5;30
Daniel Casanova Bataller;ESP;13;1030;5;30
Nasa Hatakeyama;JPN;13;1030;5;30
Lilian Foure;FRA;13;1030;-44;30
Anlin Chen;CHN;13;1030;5;30
Arthur Vasarevic;CRO;13;1030;5;30
Gabriel Eduardo Molina;ARG;13;1030;5;30
Fouad Behbehani;KUW;13;1030;5;30
Marc Monné Cuevas;ESP;13;1030;5;30
Diego Alejandro Picotto;ARG;13;1030;5;30
Robin Sietsma;NED;13;1030;5;30
Bernardo Monteiro;POR;13;1030;5;30
Mickael Grenier;FRA;13;1030;5;30
Selim El Aroui;TUN;13;1030;5;30
Ariel Williams Carrasco Paricollo;ESP;13;1030;5;30
Loick Bruandet;FRA;13;1030;5;30
Dany Ryan El Riz;SEN;13;1030;5;30
Mario Belizón Barrionuevo;ESP;13;1030;-71;30
Romain Gutstein;FRA;13;1030;5;30
Sebastian Domínguez Remis;MEX;13;1030;5;30
Agustin De Miguel Nicolau;ESP;13;1030;5;31
Tiaan Erasmus;RSA;13;1030;5;31
Tom Biotti;FRA;13;1030;5;31
Juan Maria Ramirez Carrasco;ESP;13;1030;5;31
Timur Khabibulin;KAZ;13;1030;5;31
Jorge Senoran Fructuoso;ESP;13;1030;5;31
Tsz Yan Adrian Yao;HKG;13;1030;5;31
Ziqiang Wei;CHN;13;1030;5;31
Carlos Huerta;MEX;13;1030;5;31
Tristan Dougan;AUS;13;1030;97;31
Sebastian Saggiorato;ARG;13;1030;5;31
Oliver Quarry;GBR;13;1030;169;31
Manuel Perez Gonzalez;ESP;13;1030;5;31
Leonardo Pontes;BRA;13;1030;5;31
Geremias Caluva;ARG;13;1030;5;31
Dominic Bechard;AUS;13;1030;-316;31
Antonio Jose Alarcon Garcia;ESP;13;1030;5;31
Juan Rodenas Rodriguez;ESP;13;1030;5;31
Vuk Velickovic;AUS;13;1030;75;31
Romain Grenet Laffont;FRA;13;1030;5;31
Seif Mahdi;EGY;13;1030;5;31
Eduardo Fischer;BRA;13;1030;5;31
Daniel Warren;USA;13;1030;5;31
Khaled Nagy;EGY;13;1030;5;31
Pieter Hermus;NED;12;1105;0;31
Ryan Wyatt;GBR;12;1105;0;31
Juan Moro Klusek;ESP;12;1105;0;31
Maxime De Roose;BEL;12;1105;-119;31
Christian Boehnke;GER;12;1105;0;31
Valentin Durand;FRA;12;1105;0;31
Matheus Cadinelli De Farias;BRA;12;1105;0;31
Nuno Sa;POR;12;1105;0;31
Benjamin Niv;BUL;12;1105;0;31
Tibo De Vylder;BEL;12;1105;0;31
Gonzalo Duarte Arricau;ESP;12;1105;0;31
Alvaro Jurado Cerezo;ESP;12;1105;0;31
Edoardo Riso;ITA;12;1105;0;32
Sergi Perez Calle;ESP;12;1105;0;32
Juan Hernandez Gaitan;ESP;12;1105;-119;32
Ramiro Gaston Perez;ARG;12;1105;0;32
Oliver Hodos;SWE;12;1105;0;32
Hirokazu Kitao;JPN;12;1105;366;32
Taiga Sherr-Oshima;JPN;12;1105;0;32
Francesco Giuseppe Angelini;ITA;12;1105;0;32
Cameron Gomes;GBR;12;1105;0;32
Genaro Manuel Campuzano Vazquez;PAR;12;1105;0;32
Derek Gerson;FRA;12;1105;0;32
Francisco Moura Couto Nunes Correia;POR;11;1128;-1;32
Javier Redondo Mendez;ESP;11;1128;-1;32
Tremayne Mitchell;RSA;11;1128;-1;32
Mohamed Amr Menissy;EGY;11;1128;-1;32
Mohamed Moussa;EGY;11;1128;-1;32
Yannick Faucard;FRA;11;1128;-1;32
Felipe Xose Fernandez Meaca;ESP;11;1128;-1;32
Joa Takala;FIN;11;1128;-1;32
Javier Antonio Cincotta;ARG;11;1128;-1;32
Khalid Saadon Alkuwari;QAT;11;1128;-1;32
Haoxuan He;CHN;11;1128;-1;32
Ahmed Saleh;BRN;11;1128;-1;32
Nathan De Barros Duval;BRA;11;1128;-1;32
Javier Rodriguez Navarro;ESP;11;1128;-1;32
Diego Torres Torres;ESP;11;1128;-1;32
Horia Vladimir Nedelcu;ROU;11;1128;-1;32
Marc Romans Roca;ESP;11;1128;-1;32
Jorge Cordoba Lugo;ESP;11;1128;-1;32
Antonio Castillo Valverde;ESP;11;1128;-1;32
Hugo Marcille;FRA;11;1128;-1;32
Joaquin Granados Villodre;ESP;11;1128;-1;32
Santiago Manuel Colombo Romero;ARG;11;1128;-1;32
Alejandro Cañete Rodriguez;ESP;11;1128;-1;32
Alvaro Abad Diaz;ESP;11;1128;-1;32
Thomas Delahaye;FRA;11;1128;-1;32
Emil Okkels Jensen;DEN;11;1128;-1;33
Tomas Ziza;ARG;11;1128;-1;33
Giovanni Romeo;FRA;11;1128;-1;33
Jacopo Crini;ITA;11;1128;-1;33
Lucas Gonzalez Bueno;ARG;11;1128;-1;33
Julien Guillery;FRA;11;1128;-1;33
Zhakas Kozbak;KAZ;11;1128;-1;33
Noe Navarro Porras;ESP;11;1128;-1;33
Antonio Gonzalez;ESP;11;1128;-1;33
Gonzalo Sassano;ITA;11;1128;-1;33
Yan Brek;KAZ;11;1128;-1;33
Haakon Haraldsen;NOR;11;1128;-1;33
Louis Bastard;FRA;11;1128;-1;33
Henrik Aarnio;FIN;11;1128;-1;33
Nahuel Pineda;ARG;11;1128;-1;33
Gabriel Morbey Basso;POR;11;1128;-1;33
John Michael Tamayo;PHI;11;1128;-1;33
Soli Colah;IND;11;1128;-1;33
Lucca Berenguer;ESP;11;1128;-1;33
Mario Guerrero Martinez;ESP;11;1128;-1;33
Wael Franzen Bourgi;SEN;11;1128;-1;33
Manuel Damian;ESP;11;1128;-1;33
Jose Manuel Lopez Machado;ESP;11;1128;-1;33
Pablo Gonzalez Torres;ESP;11;1128;-1;33
Luciano Ignacio Leyton De Vincenzi;CHI;11;1128;-1;33
Dheo Talatayod;PHI;11;1128;-1;33
Pierre Guiraud;FRA;11;1128;-1;33
Mohamed Khalaf;CIV;11;1128;-1;33
Jaimes McKee;HKG;11;1128;-1;33
Robert Coman;ROU;11;1128;-1;33
Lucca Carlesso;BRA;11;1128;-1;33
Joao Paulo Reck Boeira;BRA;11;1128;-1;33
Hugo Portillo;ESP;11;1128;-23;33
Joaquin Zerpa;ARG;11;1128;-1;33
Matias Nicoletti;ITA;11;1128;-1;33
Adit Patel;GBR;11;1128;-1;33
Iran Nagimtay;KAZ;11;1128;-1;34
Arturo Azocar Salinas;CHI;11;1128;-1;34
Aidan Carrazedo;RSA;11;1128;-1;34
Nikita Filatov;RUS;11;1128;-1;34
Mateo Torres-Jacobs;BEL;11;1128;-1;34
Maher Damergie;CIV;11;1128;-1;34
Alexandre Cabon;;11;1128;-1;34
Tomoaki Murasawa;JPN;11;1128;-93;34
Francis Langan;GBR;11;1128;-1;34
Johann Benson Lo Escoto;HKG;11;1128;-1;34
Maniel Bains;GBR;10;1199;0;34
Tsubasa Kato;JPN;10;1199;0;34
Julian Leite;ARG;10;1199;0;34
Matteo Coni;ITA;10;1199;0;34
Oscar Guiral Mallart;ESP;10;1199;0;34
Marc Fontanet;ESP;10;1199;0;34
Luka Polovina;SRB;10;1199;0;34
Atilla Kaan Göne;TUR;10;1199;0;34
Rodion Pak;KAZ;10;1199;0;34
Aaron Cortes Alcaraz;ESP;10;1199;0;34
Edgar Barria;CHI;10;1199;0;34
Matias Ilardia Meyer;URU;10;1199;0;34
Felipe Ignacio Bermudez Aros;CHI;10;1199;0;34
David Pedroso Hennemann;BRA;10;1199;0;34
Bautista Romero Lang;ARG;10;1199;0;34
Ian Walker;CHI;10;1199;0;34
Ahmed Amr;EGY;10;1199;0;34
Bernardo Corrochano Cid;ESP;10;1199;0;34
Vincent Bakunowicz;GBR;10;1199;0;34
Marcus Kevin Rouk;EST;10;1199;0;34
Aday Sanchez Leon;ESP;10;1199;0;34
Olly Cull;GBR;10;1199;0;34
Adam Badreddine;CIV;10;1199;0;34
Pedro Toccafondo Neto;BRA;10;1199;0;34
Hugo Saintot;FRA;10;1199;0;34
Adil Kalyanpur;IND;10;1199;0;34
Charles Marot;FRA;10;1199;0;35
Antonio Tricarico;ITA;10;1199;0;35
Javier Serer Gutierrez;ESP;10;1199;0;35
Ignacio Melgarejo Darnaude;ESP;10;1199;0;35
Lei Xing;CHN;10;1199;0;35
Quentin Anelli;FRA;10;1199;0;35
Bartolomeo Zagaria;ITA;10;1199;0;35
Giorgos Kakkouras;CYP;10;1199;0;35
Artem Shcherbachenko;RUS;10;1199;0;35
Umberto Prezioso;ITA;10;1199;0;35
Fahir Berk Ilkel;TUR;10;1199;0;35
Arnaud Meessen;BEL;10;1199;0;35
Olivier Geresi;HUN;10;1199;0;35
Giorgio Ranieri;ITA;10;1199;0;35
Ange Gamaliel Nguessan;CIV;10;1199;0;35
Timothy Berry;PHI;10;1199;0;35
Nicolas Dereeper;FRA;10;1199;0;35
Asao Igarashi;JPN;10;1199;0;35
Vinicius Dos Santos Borges;BRA;10;1199;0;35
Matteo Franceschetti;ITA;10;1199;0;35
Felipe Alberto Quintana Palma;CHI;10;1199;0;35
Juan Agustin Ordoñez;MEX;10;1199;0;35
Valentin Cilli;ARG;10;1199;0;35
Atsushi Maeda;JPN;10;1199;0;35
Alihan Ozbayrak;TUR;10;1199;0;35
Darío Gabriel Agustin Vergara;ARG;10;1199;0;35
Alexandre Pichon De Bury;FRA;10;1199;0;35
Leo Perez;FRA;10;1199;0;35
Fernando Dominguez Cruz;ESP;10;1199;0;35
Antonis Efthymiou;CYP;10;1199;0;35
Florian Guerin;FRA;10;1199;0;35
Ricardo Fernandez;MEX;10;1199;0;35
Alexander Ulrik Frørup Lange;DEN;10;1199;0;35
Alejandro Ochoa Garcia;MEX;10;1199;0;35
Hamza Berrahou;BEL;10;1199;0;35
Pavel Fedorov;RUS;10;1199;0;35
Marius Miežis;LTU;10;1199;0;36
Lok Pui Lawrence Lo;HKG;10;1199;0;36
Tomislav Hadzic;CRO;10;1199;0;36
Kouga Yasuda;JPN;10;1199;416;36
Andrija Graovac;SRB;10;1199;0;36
Israel Valero Martinez;ESP;10;1199;0;36
Long Si;CHN;10;1199;0;36
Mori Ignacio Sáez Lagos;CHI;10;1199;0;36
George Weller;GBR;10;1199;0;36
Fabrizio González Arrigunaga;MEX;10;1199;0;36
Dongbo Peng;CHN;10;1199;0;36
Jad Jaafar;LBN;10;1199;0;36
Mohamed Elzayat;EGY;10;1199;0;36
Tamer Fakhry;CIV;10;1199;0;36
Fakih Najib;LBN;10;1199;0;36
Tommaso Arcangeli;ITA;9;1276;1;36
Fredrik Ask;NOR;9;1276;1;36
Savvas Anthis;CYP;9;1276;1;36
Christian Paul Del Amo Lauder;ESP;9;1276;1;36
Yeldos Mussabekov;KAZ;9;1276;1;36
Panos Katsaris;CYP;9;1276;1;36
Axel Hein;ARG;9;1276;1;36
Agustin Greco;ARG;9;1276;1;36
Eran Sai Teja;IND;9;1276;1;36
Ramiro Nehuen T. Contreras;ESP;9;1276;1;36
Edgar Perez Garcia;ESP;9;1276;1;36
Zhaslan Omarov;KAZ;9;1276;1;36
Arnau Anglarill Urbano;ESP;9;1276;1;36
Farsad Shahi;IRI;9;1276;1;36
Josimar Casanova;BRA;9;1276;1;36
Makar Makogon;KAZ;9;1276;1;36
Kevin Danho;CIV;9;1276;1;36
Jorge Morales Rocino;ESP;9;1276;1;36
Stan Hunt;GBR;9;1276;1;36
Franco Ceretani Hegi;ESP;9;1276;1;36
Rodolphe Pouliquen;FRA;9;1276;1;36
Alayli Rami;LBN;9;1276;1;37
Rishabh Kishore;IND;9;1276;1;37
Federico Salaro;ARG;9;1276;1;37
Javier Navas;ESP;9;1276;1;37
Nikhil Sai Kodali;IND;9;1276;1;37
Rickard Kjellberg;SWE;9;1276;1;37
Matias Aviles;CHI;9;1276;1;37
Dmitry Myagkov;RUS;9;1276;1;37
Minghui Hui;CHN;9;1276;1;37
Andre Ferreira Van Holstein;POR;9;1276;52;37
Luca Fontana;ITA;9;1276;1;37
Iker Mercader Franco;ESP;9;1276;1;37
David Antolin Solla;ESP;9;1276;1;37
Luca Formigheri;BRA;9;1276;0;37
Agustin Sanchez;ARG;9;1276;1;37
Ismail Iskec;TUR;9;1276;1;37
Brian Ortiz;ARG;9;1276;1;37
Yann Auradou;FRA;9;1276;1;37
Daniel Perdomo Marrero;ESP;9;1276;1;37
Sergio Borrero Fernandez De La Puente;ESP;9;1276;1;37
Vicente Soto Herrera;CHI;9;1276;1;37
Lukman Hakim Bin Abdul Aziz Abdul Aziz;MAS;9;1276;1;37
Andrea Melisi;ITA;9;1276;246;37
Angelos Dionysiou;CYP;9;1276;1;37
Aldiyar Zhexebayev;KAZ;9;1276;1;37
Manuel Buil Baldellou;ESP;9;1276;1;37
Bruno Ferreira;BRA;9;1276;1;37
Bung Liu;CHN;9;1276;1;37
Lucas Bareño Nieto;BRA;9;1276;1;37
Rahat Achanta;IND;9;1276;1;37
Alfonso Velasco Prieto;ESP;9;1276;1;37
Martin Rubini;ARG;9;1276;1;37
Timothy Stalgis;ARG;9;1276;246;37
Felipe Camargo;ARG;8;1330;-2;37
Milan Terkovics;HUN;8;1330;-2;37
Daniel Elohim Fernandez Guerra;USA;8;1330;-2;37
Victor Lethuilier;FRA;8;1330;-2;38
Ruben Digbydiercks;AUS;8;1330;0;38
Nikhil Narwani;HKG;8;1330;-2;38
Jeronimo Jose Campora;ARG;8;1330;-2;38
Norifumi Kawakita;JPN;8;1330;-2;38
Nicolas Xiviller;URU;8;1330;-2;38
Marcos Gonzalez Gil;ESP;8;1330;-2;38
Manuel Rocafort Lores;ESP;8;1330;-2;38
Rafael Reyes Moreno;ESP;8;1330;-2;38
Thibaud Pech;FRA;8;1330;-2;38
Esteban Santibanez Luna;MEX;8;1330;-2;38
Hamood Samah;IND;8;1330;-2;38
Carl Axel Ricardo Holmkvist Cabo;ESP;8;1330;-2;38
Kohei Saito;JPN;8;1330;-2;38
Kanagat Nugusbayev;KAZ;8;1330;-2;38
Juan Carlos Gama Gonzalez;ESP;8;1330;-2;38
Enrique Martos Lopez;ESP;8;1330;-2;38
Vilgot Persson;SWE;8;1330;-2;38
Sebastien Maunier;FRA;8;1330;-2;38
Jorge Farid Sat;ARG;8;1330;-2;38
Marc Pastor Montserrat;ESP;8;1330;-2;38
Benoit Theard;FRA;8;1330;-2;38
Sebastian Mauricio Muñoz Martinez;ESP;8;1330;-2;38
Gian Andrea Farabbi;ITA;8;1330;-2;38
Alejandro Portillo Lara;ESP;8;1330;-2;38
Lucas Cohen Bacrie;FRA;8;1330;-2;38
Federico Sferco;ARG;8;1330;-2;38
Nicolaj Lyng Dahl;DEN;8;1330;-2;38
Fernando Juan Tous Gelabert;ESP;8;1330;-2;38
Jorge Ortigosa Martin;ESP;8;1330;-2;38
Isa Albinali;BRN;8;1330;-2;38
Dhanush Gowda;IND;8;1330;-2;38
Saska Huttunen;FIN;8;1330;-2;38
Eskar Revilla;INA;8;1330;-2;38
Saul Serna Rafael;ESP;8;1330;-53;38
Antoine Leo Gontard;HKG;8;1330;-2;38
Ludovic Cancel;FRA;8;1330;-2;39
Wael Ezzedine;SEN;8;1330;-2;39
William Soeby Svendsen;DEN;8;1330;-2;39
Nawaf Alkhayyat;BRN;8;1330;-2;39
Anthony Hok Yin Lau;HKG;8;1330;-2;39
Jeremias Rufino;ARG;8;1330;-2;39
Vinay Kothari Kotha;IND;8;1330;-2;39
Cristian Daniel Ozan;ARG;8;1330;-2;39
Žan Luka Konjar;SLO;8;1330;-2;39
Dean Georgiu;CYP;8;1330;-2;39
Hector Rapallo Nuñez;ESP;8;1330;1385;39
Jacobo Blanco;ESP;8;1330;-2;39
Cem Ilkel;TUR;8;1330;-2;39
Bourahli Djemel;FRA;8;1330;-2;39
Axel Scheistel;ARG;8;1330;-2;39
Arman Muradyan;ARM;8;1330;-2;39
Ronald Osmar Rolandi;PAR;8;1330;-2;39
Adil Yeltayev;KAZ;8;1330;-2;39
Ricard Manchon Zugasti;ESP;8;1330;-2;39
Joao Vicente Fonte;BRA;8;1330;-2;39
Denys Milchenko;UKR;8;1330;-2;39
Mauricio Rivera Caballero;MEX;8;1330;-2;39
Andreas Falk Bjerrehus;DEN;8;1330;-2;39
Agustin Hernandez;ARG;8;1330;-2;39
Dimitris Chalavazis;GRE;8;1330;-2;39
Yassin Daadour;EGY;8;1330;-2;39
Daniil Anisimov;RUS;8;1330;-2;39
Emil Thomsen;DEN;8;1330;-2;39
Jan Cano Felix;ESP;8;1330;-131;39
Ghaddar Nael;LBN;8;1330;-2;39
Joel Losana;ESP;8;1330;-2;39
Alessandro Volpin;ITA;8;1330;-2;39
Danyil Yevdokimov;UKR;8;1330;-2;39
Jesus Rico Hontoria;ESP;8;1330;-2;39
Youssef Ben Dhiaf;TUN;8;1330;-2;39
Carlos Gilabert Mulet;ESP;8;1330;-2;39
Carlos Eugenio Barrera;ESP;8;1330;-2;40
Luis Guzman;USA;8;1330;-2;40
Aaron Lewis Joseph Besnainou;FRA;8;1330;-2;40
Manuel Begines Calvo;ESP;8;1330;-2;40
Cayetano Rocafort Lores;ESP;8;1330;-2;40
Lorenzo Aste;CHI;8;1330;-2;40
Marcos Galan Zori;ESP;8;1330;-2;40
Linus Isaksson;SWE;8;1330;-2;40
Ignacio Alejandro Opazo Ortega;CHI;8;1330;-2;40
Tobias Raffaele;ARG;8;1330;-2;40
Joel Rubio Moreno;ESP;8;1330;-2;40
Diego Garcia Villalobos Blanco;MEX;8;1330;-2;40
Kwok Kee Chu;HKG;8;1330;-2;40
Ibrahim Joel Tresor Ouédraogo;CIV;8;1330;-2;40
Guillermo Demianiuk Carou;ESP;8;1330;-2;40
Johan Peloux Marchini;FRA;8;1330;-2;40
Alejandro Diaz Estupiñan;ESP;8;1330;-2;40
Raoul Teroy;FRA;8;1330;-2;40
Joshua Benjamin Van Rensburg;RSA;8;1330;-2;40
Adam Freeman;AUS;8;1330;0;40
Anastasios Kourepinis;GRE;8;1330;-2;40
David Saintot;FRA;8;1330;-2;40
Gerard Sola Grau;ESP;8;1330;-2;40
Filip Olech;POL;8;1330;-2;40
Jeremy Charton;FRA;8;1330;-2;40
Ferhat Korkmaz;TUR;8;1330;-2;40
Juan Calleja Periset;ESP;8;1330;-2;40
Johan Fors;SWE;8;1330;-2;40
Giogri Giorgadze;GEO;8;1330;-2;40
Sergo Sikharulidze;GEO;8;1330;-2;40
Charlie Andrews;GBR;8;1330;-2;40
Ashfaq Ahmed;IND;8;1330;-2;40
Ali Alarif;UAE;8;1330;-2;40
Oussama Zebakh Laakel;ESP;8;1330;-2;40
Rodrigo Banzer;USA;8;1330;-2;40
Felipe Baraçal;BRA;8;1330;-2;40
Marcell Urvolgyi;HUN;8;1330;-2;41
Ziad Barakat;EGY;8;1330;-2;41
Eduardo Nieto De Orduña;ESP;8;1330;-2;41
Joan Fede;FRA;8;1330;-2;41
Sofus Broennum;DEN;8;1330;-2;41
Adrian Yew Hock;MAS;8;1330;-2;41
Nils Skajaa;DEN;8;1330;-2;41
Shubham Sharma;IND;8;1330;-2;41
Jorge Chacon Sanz;ESP;8;1330;-2;41
Marcos Alejo Mardones;ARG;8;1330;-2;41
Riccardo Chiaradia;ITA;8;1330;-2;41
Afonso Quentin;FRA;8;1330;-2;41
Tomas Javier Poblaciones Soto;ESP;8;1330;-2;41
Maxime Poitevin;FRA;8;1330;-2;41
Renzo Del Bue;ARG;8;1330;-2;41
Nelson Dario Gutierrez;ARG;8;1330;-2;41
Deepak Arora;IND;8;1330;-2;41
Ramazan Yessengeldinov;KAZ;8;1330;-2;41
Mathias Gavelin;SWE;8;1330;-2;41
Juuso Tapanainen;FIN;8;1330;-2;41
Mohamed Dolo;CIV;8;1330;-2;41
Miguel Briega Ramos;ESP;8;1330;-2;41
Leon Ortega Ibanez;ESP;8;1330;-2;41
Hami Golestan;SWE;8;1330;-2;41
Manuel Jesús Fernández Prieto;ESP;8;1330;-2;41
Carlos Garcia Garcia;VEN;8;1330;-2;41
Pyry Hyrkkönen;FIN;8;1330;-2;41
Franklin Ovalles;USA;8;1330;-2;41
Sebastian Molina;CHI;8;1330;-2;41
Arturo Cejas;ESP;8;1330;-2;41
Georgios Tofinis;CYP;8;1330;-2;41
Pedro Junior Olivares Bernal;DOM;8;1330;-2;41
Janne Wuorinen;FIN;8;1330;-2;41
Luke Power;GBR;8;1330;-2;41
Christian Gomez;PAN;8;1330;-2;41
Ruben Alamo Cruz;ESP;8;1330;-2;41
Luke Gomes;GBR;7;1477;-6;42
Francisco Lihuel Acosta;ARG;7;1477;-6;42
Sergey Yelnik;GBR;7;1477;-6;42
Sherif Khattab;EGY;7;1477;-6;42
Ivan Lopez Muñoz;ESP;7;1477;-6;42
Gilles Stas;BEL;7;1477;-6;42
Oscar Camacho Ortiz;ESP;7;1477;-6;42
Pablo Avina;USA;7;1477;0;42
Erik Paljakka;FIN;7;1477;-6;42
Mariano Danei Linaza;ARG;7;1477;-6;42
Agustin Maximiliano Parisi;ARG;7;1477;-6;42
Juan Ramon Peña Soto;CHI;7;1477;-6;42
Savvas Papadopoulos;CYP;7;1477;-6;42
Simon Garforth-Bles;GBR;7;1477;-6;42
Ron Kester Ako Annan;GHA;7;1477;-6;42
George Argyrou;CYP;7;1477;-6;42
Mauricio Martin Echazu Puente;PER;7;1477;-6;42
Alessandro Ciaccia;ITA;7;1477;-6;42
Jimmy Barbieux;BEL;7;1477;-6;42
Andreas Stavrou;CYP;7;1477;-6;42
Pedro Bosio Fuentes;CHI;7;1477;-6;42
Junhao Zhang;CHN;7;1477;-6;42
Martim Sousa;POR;7;1477;-6;42
Andrew Brigham;GBR;7;1477;-6;42
Pedro Vera;ESP;7;1477;-6;42
Yixin Yang;CHN;7;1477;-6;42
Bassel Guindi;EGY;7;1477;-6;42
Francisco Goncalves Da Silva;POR;7;1477;-6;42
Titouan Sarrat;FRA;7;1477;-6;42
Ningwei Yang;CHN;7;1477;-6;42
Nawaf Alsaeed;KSA;7;1477;-6;42
Konstantinos Machattos;CYP;7;1477;-6;42
Ivo Rodrigues;POR;7;1477;-6;42
Guilherme Alves;POR;7;1477;-6;42
Yuanqin Du;CHN;7;1477;-6;42
Pedro Parada;POR;7;1477;-6;42
Jesus Alvarez Hornillo;ESP;7;1477;-6;43
Nick Merten;GER;7;1477;-6;43
Marcelo Espinosa Garrido;CHI;7;1477;-6;43
David Torregrosa Baena;ESP;7;1477;-6;43
Gustavo Santos;POR;7;1477;-6;43
Daniel Domenech;ESP;7;1477;-6;43
Hugo Caparros Basterra;ESP;7;1477;-6;43
Joao Gabriel Acunha;BRA;7;1477;-6;43
Daniel Anum Quartey;GHA;7;1477;-6;43
Raul Rodriguez Fuentes;ESP;7;1477;-6;43
Alexey Abazov;RUS;7;1477;-6;43
Sarcuto Pompeo;ITA;7;1477;-6;43
Parker Rhodes;USA;7;1477;-6;43
Valentin San Juan;ARG;7;1477;-6;43
Mouhamed Daffe;SEN;6;1527;-5;43
Mikael Martikainen;FIN;6;1527;-5;43
Oliver Koch;SWE;6;1527;-5;43
Guangmin Ma;CHN;6;1527;-5;43
Pablo Burdeos Larruy;ESP;6;1527;-5;43
Jerome Peeters;BEL;6;1527;-56;43
Simone Codovini;ITA;6;1527;-5;43
Gerry Gunawan Saputra;INA;6;1527;-5;43
Nicolas Trancart;FRA;6;1527;-5;43
Juan Vicente Alcala;ESP;6;1527;-5;43
Pablo Gabilondo;ESP;6;1527;-5;43
Lykle Roosjen;NED;6;1527;-5;43
Mehdi Elloumi;TUN;6;1527;-5;43
Hugo Cazaban;FRA;6;1527;-5;43
Guillermo Ibañez Delgado;ESP;6;1527;-5;43
Florent Prelot;FRA;6;1527;-5;43
Adam Whiting;GBR;6;1527;-5;43
Victor Macchiavello Karmy;CHI;6;1527;-5;43
Juan Ramirez Prieto;ESP;6;1527;-5;43
Aleksandros Tsykov;UKR;6;1527;-5;43
Karl-Johan Mattsson;SWE;6;1527;-5;43
Tomas Youlton Cerda;CHI;6;1527;-5;43
Talal Mohsen El Shaarani;EGY;6;1527;-5;44
Alejandro Ruben Kania Flores;ESP;6;1527;-5;44
Isidro Tormos Carrascosa;ESP;6;1527;-5;44
Javier Mora Cuart;ESP;6;1527;-5;44
Alan Brinol;USA;6;1527;-5;44
Alejo Gabriel Stella;ARG;6;1527;-5;44
Adrian Mayor Pastor;ESP;6;1527;-5;44
Liam De La Mare;GBR;6;1527;-5;44
Henrik Pais Slyngstad;NOR;6;1527;-5;44
Jaouad Zoubaa;FRA;6;1527;-5;44
Hamad Alkokhardi;UAE;6;1527;-5;44
Martin Materassi;ITA;6;1527;-5;44
Ahmed Nooruddin;BRN;6;1527;-5;44
Augusto Cornejo;ARG;6;1527;-5;44
Jason Kostaridis;GRE;6;1527;-5;44
Ilya Grinshteyn;RUS;6;1527;-5;44
Tommaso Rivellini;ITA;6;1527;-5;44
Jarno Kevarinmäki;FIN;6;1527;-5;44
Rodolphe Lonjaret;FRA;6;1527;-5;44
Hing Lung Weldon Chan;HKG;6;1527;-5;44
Diego Benito;ARG;6;1527;-5;44
Jorge Asencio Ambrona;ESP;6;1527;-5;44
Matthew Barrelle;AUS;6;1527;-5;44
Jaime Esteve Medina;ESP;6;1527;-5;44
Pablo Calleja Pulido;ESP;6;1527;-5;44
Mario Wongsuwan;THA;6;1527;-5;44
Daniel Saavedra Ortega;CHI;6;1527;-5;44
Hugo Houedessou;FRA;6;1527;-5;44
Yuanjia Ding;CHN;6;1527;-5;44
Kiril Dimitrov;BUL;6;1527;-5;44
Alvaro Matador Garcia De Vinuesa;ESP;6;1527;-5;44
Mario Rodriguez Garcia;ESP;6;1527;-5;44
Mehdi Ketfi;FRA;6;1527;-5;44
Rudinei Kalil;USA;6;1527;-5;44
Eduardo Saratt;BRA;6;1527;-5;44
Eduardo Castillo;MEX;6;1527;-5;44
Simon Javoršek;SLO;6;1527;-5;45
Raul Jerez Miranda;ESP;6;1527;-5;45
Alex Cinca Hernandez;ESP;6;1527;-5;45
Pedro Garcia;BRA;6;1527;-5;45
Pablo Muñoz Garcia;ESP;6;1527;-5;45
Fahad Alhooli;UAE;6;1527;-5;45
Sebastian Wade;USA;6;1527;-5;45
Oscar Vazquez Fernandez;ESP;6;1527;-5;45
Matteo Viviano;ITA;6;1527;-5;45
Marcos Antonio Cheung Modesto;POR;6;1527;-5;45
Daniele Galloppa;ITA;6;1527;-5;45
Arthaud Dumoulin;FRA;6;1527;-5;45
Emilis Jaskunas;LTU;6;1527;-5;45
Lazaro Leite;BRA;6;1527;-5;45
Manuel Avina;MEX;6;1527;-5;45
Dimitris Skalidakis;GRE;6;1527;-5;45
Francois Castejon;USA;6;1527;-5;45
Louis Jarrold;IRL;6;1527;-5;45
Yusif Rzayev;AZE;6;1527;-5;45
Saul Verdugo;ESP;6;1527;-5;45
Federico Di Giuseppe;ITA;6;1527;-5;45
Alejandro Canovas Ferrando;ESP;6;1527;-5;45
Gabriele De Angelis;ITA;6;1527;-5;45
Hallak Hussein;LBN;6;1527;-5;45
David Gomez Fernandez;ESP;6;1527;-5;45
Tamerlan Azizov;AZE;6;1527;-5;45
Jean Noel Said;GHA;6;1527;-5;45
Hussein Hallal;LBN;6;1527;-5;45
Federico Nicolas Galarza;ARG;6;1527;-5;45
Ali Alasfoor;BRN;6;1527;-5;45
Armando Emilio Moya;ESP;6;1527;-5;45
José Julián Durán Reyna;DOM;5;1616;-1;45
Andres Martinez;AUS;5;1616;0;45
Andrew Ma;USA;5;1616;-1;45
Bartu Citak;TUR;5;1616;-1;45
Anselmo Guerrero Alvarez;ESP;5;1616;-1;45
Dante Gustavo Luchetti;ITA;5;1616;-1;46
Lucas De La Rosa Brotons;ESP;5;1616;-1;46
Hasan Alqattan;BRN;5;1616;-1;46
Riccardo Menon;ITA;5;1616;-1;46
Roland Kosche;CHI;5;1616;-1;46
David Daniel;BRA;5;1616;-1;46
Ferran Bueno Gomez;ESP;5;1616;-1;46
Yuliang Yan;CHN;5;1616;-1;46
Abdulla Mohamed Ahmed Mohamed;BRN;5;1616;-1;46
Yuen Hong Yau;HKG;5;1616;-1;46
Rashid Walid;UAE;5;1616;-1;46
Leandro Favoretto;BRA;5;1616;-1;46
Thomas Barateau;FRA;5;1616;-1;46
Starlin Javier Rodríguez Sanchez;DOM;5;1616;-1;46
Silviu Mircea Popescu;ROU;5;1616;-1;46
Jason Tamayo;USA;5;1616;-1;46
Josue Pazos Galeote;MEX;5;1616;-1;46
Sergio Mauricio Herrera;ARG;5;1616;-1;46
Alvaro Padilla;MEX;5;1616;-1;46
Antonio Atencia Urbaneja;ESP;5;1616;-1;46
Matija Selak;CRO;5;1616;-1;46
Andreas Martell Beuzit;ESP;5;1616;-1;46
Juan Jose Iguaran Melo;COL;5;1616;-1;46
Francisco Javaloy;ESP;5;1616;-1;46
Alejandro Montesdeoca Afonso;ESP;5;1616;-1;46
Daniel Lingen;GER;5;1616;-1;46
Shaun Leagas;RSA;5;1616;-1;46
Pierluigi Musiari;ITA;5;1616;-1;46
Adel Mahmoud Elsahn;EGY;5;1616;-1;46
Henrik Sillanpää;FIN;5;1616;-1;46
Hadi Hadi;LBN;5;1616;-1;46
Manuel Arrizabalaga Eugenio;ESP;5;1616;-1;46
Pedro Salas;SUI;5;1616;-1;46
Muddassir Hussain;IND;5;1616;-1;46
Witold Konopko;POL;5;1616;-1;46
Galien Devillers;FRA;5;1616;-1;46
Fernando Serrano Gonzalez;MEX;5;1616;-1;47
Lasse Schramm Simonsen;DEN;5;1616;-1;47
Ahmed Alfedhala;BRN;5;1616;-1;47
Anthony Maury;FRA;5;1616;-1;47
Hendrik Inno;EST;5;1616;-1;47
Matias Angel Paredes;ARG;5;1616;-1;47
Kashyap Ashok;USA;5;1616;-1;47
Luan Krige;RSA;5;1616;-1;47
Till Gygax;SUI;5;1616;-1;47
Meda Kowere Baizoum Joel;BUR;5;1616;-1;47
David Tudela;ESP;5;1616;-1;47
Jiri Vanek;CZE;5;1616;-1;47
Jason Wright;AUS;5;1616;-1;47
Jeremy Garcia;FRA;5;1616;-1;47
Alan Joseph Healy;IRL;5;1616;-1;47
Marcelo Antonio Godoy;ARG;5;1616;-1;47
Tommaso Forini;ITA;5;1616;-1;47
Diego Garcia;MEX;5;1616;-1;47
Lucas Perez Marin;ESP;5;1616;-1;47
Rafael Vega Otaolaurruchi;ESP;5;1616;-1;47
Dorian Vasung;CRO;5;1616;-1;47
Ege Avci;TUR;5;1616;-1;47
Osvaldo Estevanez Jimenez;ESP;5;1616;-1;47
Jad Slaibi;LBN;5;1616;-1;47
Felipe Furghestti;BRA;5;1616;-1;47
Aryan Hemdev;IND;5;1616;-1;47
Oscar Bazaley;GBR;5;1616;783;47
Guillem Gañan Alegre;ESP;5;1616;-1;47
Francisco Cunietti;ARG;5;1616;-1;47
Agustin Garcia Carabasa;ESP;5;1616;-1;47
Antonio Gallego;ESP;5;1616;-1;47
Meiram Zhardayev;KAZ;5;1616;-1;47
Goran Vujaklija;CRO;5;1616;-1;47
Tilen Zalar;SLO;5;1616;-1;47
Domenico Cutuli;ITA;5;1616;-1;47
Sebastian Santibanez;CHI;5;1616;-1;47
Samuel Alos Boal;ESP;5;1616;-1;48
Luis Gonzalez Sanchez;DOM;5;1616;-1;48
Marcos Sanchez Pestaña;ESP;5;1616;-1;48
Marcio Andre Crizel;BRA;5;1616;-1;48
Ahmed Mohamed;BRN;5;1616;-1;48
Zsombor Schmidt-Bohn;HUN;5;1616;-1;48
Simonas Zukauskas;LTU;5;1616;-1;48
Lenon Flain;BRA;5;1616;-1;48
Melik Feler;FRA;5;1616;-1;48
Nick Faessen;NED;5;1616;-1;48
Diego Lopez Aviles;ESP;5;1616;-1;48
Jorge Catalan Zamorano;CHI;5;1616;-1;48
Carlos Malia;ESP;5;1616;-1;48
Riaz Ravate;FRA;5;1616;-1;48
Anton Mickelsson;SWE;5;1616;-1;48
Diib Peruzzi Hammad;BRA;5;1616;-1;48
Hector Pino;ESP;5;1616;-1;48
Manuel Bragança;POR;5;1616;-1;48
Jeremias Pucheta;ARG;5;1616;-1;48
Shankai Guo;CHN;5;1616;-1;48
Ari Amsellem;FRA;5;1616;-1;48
Javier Reyes Gonzalez;ESP;5;1616;-1;48
Daniel Benz;GER;5;1616;-1;48
Tiger Bitanga;PHI;5;1616;-1;48
Pablo Andres Toro Loaiza;COL;5;1616;-1;48
Omar Esperon Acuna;MEX;5;1616;-1;48
Vittorio Mascarello;ITA;5;1616;-1;48
Joao Vinagre;POR;5;1616;-1;48
Gabriele Ciampichetti;ITA;5;1616;-1;48
Nauzet Rafael Guedes Hernandez;ESP;5;1616;-1;48
Daniel Concepcion Vaquer;ESP;5;1616;-1;48
Hector Ruiz Cadenas;ESP;5;1616;-1;48
Andrea Giarrusso;ITA;5;1616;-1;48
Jiabao Guo;CHN;5;1616;-1;48
Hugo Sihr;FRA;5;1616;-1;48
Chenhao He;CHN;5;1616;-1;48
Bernard Quentin;FRA;5;1616;-1;49
Sharlon Pace;MLT;5;1616;-1;49
Petr Maltsev;RUS;5;1616;-1;49
Georg Malmros;DEN;5;1616;-1;49
Germano Giacalone;ITA;5;1616;-1;49
Jeffree Gondres;DOM;5;1616;-1;49
Lucas De Souza Teixeira;BRA;5;1616;-1;49
Pablo Carretero;ESP;5;1616;-1;49
Divyang Kumar;IND;5;1616;-1;49
Francisco Mendieta Ruiz;COL;5;1616;0;49
Acoran Martin;ESP;5;1616;-1;49
Daniel Benarroch;ISR;5;1616;-1;49
Mark Bogatyrenko;RUS;5;1616;-1;49
Christopher Koutrouzas;CYP;5;1616;-1;49
Denis Ignacio Caluva;ARG;5;1616;-1;49
Carlos Gimeno Valero;ESP;5;1616;-1;49
Lalloum Sonny;FRA;5;1616;-1;49
Nicolas Saracho;ARG;5;1616;-1;49
Carlos Enrique Diaz Otero Lopez;ESP;5;1616;-1;49
Abdulla Almehza;BRN;5;1616;-1;49
Santiago Veglia;ARG;5;1616;-1;49
Lucien Van Doorn;NED;5;1616;-1;49
Anton Gora;RUS;5;1616;-1;49
Mariano Nicolas Lopez;ARG;5;1616;-1;49
Riccardo Minighini;ITA;5;1616;-1;49
Romain Lavit;FRA;5;1616;-1;49
Nicolas Lujan Castaneda;ARG;5;1616;-1;49
Alex Escamilla Pueyo;ESP;5;1616;-1;49
Håkon Kveseth;NOR;5;1616;-1;49
Hao Li;CHN;5;1616;-1;49
Andres Izurieta;CHI;5;1616;-1;49
Benjamin Palm;SWE;5;1616;-1;49
Marc Casals Roige;ESP;5;1616;-1;49
Abdalla Erfan;EGY;5;1616;-1;49
Omar Ezzat;EGY;5;1616;-1;49
Pablo Jiménez-Blanco bravo;ESP;5;1616;-1;49
Maicol Cabrera Perez;ESP;5;1616;-1;50
Javier Bandera Galisteo;ESP;5;1616;-1;50
Werner Lootsma;NED;5;1616;-1;50
Berro Khodr Karim;LBN;5;1616;-1;50
Alex Rodriguez Tuch;ESP;5;1616;-1;50
Ilan Conan;FRA;5;1616;-1;50
Juan Pablo Chavez Valdes;MEX;5;1616;-1;50
Leandro Javier Roldan;ARG;5;1616;-1;50
Alvaro Velasco Palma;ESP;5;1616;-1;50
Andres Valenzuela;ARG;5;1616;-1;50
Bommanhin Felix Ange Romaric Boblei;CIV;5;1616;-1;50
Jurie Johannes Ingram;RSA;5;1616;-1;50
Elliot Heine;DEN;5;1616;-1;50
Chris Da Cruz Pereira;POR;5;1616;-1;50
Alberto Franco Villaran;ESP;5;1616;-1;50
Husein Hussein;CIV;5;1616;-1;50
David Payet;FRA;5;1616;-1;50
Daniel Hinojosa Arroyo;ESP;5;1616;-1;50
Javier Bravo Alvarez;ESP;5;1616;-1;50
Hugo Martinez Toral;MEX;5;1616;-1;50
Baorong Zhang;CHN;5;1616;-1;50
Noah Holmvang;DEN;5;1616;-1;50
Muhamad Zaid Patel;RSA;5;1616;-1;50
Karan Ramchandani;HKG;5;1616;-1;50
Daniyar Sherkan;KAZ;5;1616;-1;50
Jan Reyzon Amondoron;PHI;5;1616;-1;50
Amerikos Argyriou;CYP;5;1616;-1;50
German Jesus Clavijo Ortiz;ESP;5;1616;-1;50
Pablo Herreros;ESP;5;1616;-1;50
Vicente Pinochet Gorichon;CHI;5;1616;-1;50
Cheng Yong Wang;CHN;5;1616;-1;50
Antonio Ramírez Muñoz;ESP;5;1616;-1;50
Santiago Gonzalez;MEX;5;1616;-1;50
Raul Harjani Sajnani;HKG;5;1616;-1;50
Diego Valderrama;VEN;5;1616;-1;50
Tim Lanyon;AUS;5;1616;783;50
Luka Belic;CRO;5;1616;-1;51
Felipe Urrutia;CHI;5;1616;-1;51
Yuri Nath;BRA;5;1616;-1;51
Chan Marco Kwun Nam;HKG;5;1616;-1;51
Jason Hewitt;RSA;5;1616;-1;51
Jose Laurenti;ARG;5;1616;-1;51
Augusto Romero Lang;ARG;5;1616;-1;51
Marcelo Kieffer Luiz;BRA;5;1616;-1;51
Elliot Selby;GBR;5;1616;-1;51
Seif Elkhayat;EGY;5;1616;-1;51
Christian Ventura;ITA;5;1616;0;51
Nicolas Garcia Perez;ESP;5;1616;-1;51
Lalloum Lyrone;FRA;5;1616;-1;51
Kevin Gomez;CHI;5;1616;-1;51
Agustin Perez;ESP;5;1616;-1;51
Bruno Nakid;BRA;5;1616;-1;51
Alon Faiman;ISR;5;1616;-1;51
Muhamad Tahir Alimomade;MOZ;5;1616;-1;51
Bristan Bogdan-Alin;ROU;5;1616;-1;51
Alejandro Wesbrooks;USA;5;1616;-1;51
Efe Ozbayrak;TUR;5;1616;-1;51
Martin Kazda;CZE;5;1616;-1;51
Pablo González Díaz;ESP;5;1616;-1;51
Alen Csogör;HUN;5;1616;-1;51
Felipe Braga Jorge;BRA;5;1616;-1;51
Rishi Reddy;IND;5;1616;-1;51
Vitalie Sciuca;MDA;5;1616;-1;51
Qiu Anan;CHN;5;1616;-1;51
Christos Asimakopoulos;GRE;5;1616;-1;51
Juan Cruz Bordoli;ARG;5;1616;-1;51
Jefferson Dezai;CIV;5;1616;-1;51
Damien Bayard;FRA;5;1616;-1;51
Yikai Wang;CHN;5;1616;-1;51
Javier Serrats;ESP;5;1616;-1;51
Luca Maria Laguzza;ITA;5;1616;-1;51
Ollie Bartosh;NZL;5;1616;0;51
Angel Deza Torrecilla;ESP;5;1616;-1;52
Fanrizio Fioretti;ITA;5;1616;-1;52
Steven Loock;RSA;5;1616;-1;52
George Tsirigotis;GRE;5;1616;-1;52
Jaime Menendez;ESP;5;1616;-1;52
Philipp Grechukha;RUS;5;1616;-1;52
Addison Baptistella;BRA;5;1616;-1;52
Christian Ramos Abad;ESP;5;1616;-1;52
Federico Ciriello;ITA;5;1616;-1;52
Kohei Hisatome;JPN;5;1616;-1;52
Zhijun Mu;CHN;5;1616;-1;52
Arata Saito;JPN;5;1616;-1;52
Xusheng Wang;CHN;5;1616;-1;52
Cenith Adrian Castillo Chavez;MEX;5;1616;-1;52
Javier Hazouri Celorio;MEX;5;1616;-1;52
Ziguang Song;CHN;5;1616;-1;52
Isa Alqattan;BRN;5;1616;-1;52
Leandro Honorato;ARG;5;1616;-1;52
Cleiton Brustulin;BRA;5;1616;-1;52
Nicolas De Marco;ARG;5;1616;-1;52
Arthur De Greef;BEL;5;1616;-1;52
Klim Kozyrev;RUS;5;1616;-1;52
Valentin Volpe Bravo;ESP;5;1616;-1;52
Mohamad Tayab Alimomade;MOZ;5;1616;-1;52
Jose Daniel Sanchez Pardo;ESP;5;1616;-1;52
Eliott Verraghen;BEL;5;1616;-1;52
Santiago Carmona Vidal;MEX;5;1616;-1;52
Harry Jiggins;GBR;5;1616;-1;52
Franco Emanuel Rios Duarte;ARG;5;1616;-1;52
Paulius Matulevicius;LTU;5;1616;-1;52
Gustav Hefer;RSA;5;1616;-1;52
Iker Rodriguez Soto;ESP;5;1616;-1;52
Roque Silveira;BRA;5;1616;-1;52
Sai Krishna Showrya Tirnati;IND;5;1616;-1;52
Alvaro Alcalde Sanchez;ESP;5;1616;-1;52
Rohit Sirigiri;NZL;5;1616;-1;52
Sebastian Chylinski;POL;5;1616;-1;53
Kazuki Shimizu;JPN;5;1616;-1;53
Ege Bekgoz;TUR;5;1616;-1;53
Aitor Rodriguez Rodriguez Manzaneque;ESP;5;1616;-1;53
Aurelio De Diego Barrera;CHI;5;1616;-1;53
Sergei Poliakov;RUS;5;1616;-1;53
Nurzhan Saidakhmet;KAZ;5;1616;-1;53
Nam Nguyen;SUI;5;1616;-1;53
Dario Donati;ITA;5;1616;-1;53
Kunal Chadha;IND;5;1616;-1;53
Filippo Necchi;ITA;5;1616;-1;53
Thomas Deschamps;BEL;5;1616;-1;53
David Aguero;ECU;5;1616;-1;53
Sebastian Brokmann;NED;5;1616;-1;53
Saleh Sadry Salah;CIV;5;1616;-1;53
Omar Qaed;BRN;5;1616;-1;53
Mark Giulio Menotti;ITA;5;1616;0;53
Xavier Beneito Molina;ESP;5;1616;-1;53
Maxim De Peuter;BEL;5;1616;-1;53
Alex Leira Gavilán;ESP;5;1616;-1;53
Wanbin Li;CHN;5;1616;-1;53
Hugo Jay;FRA;5;1616;-1;53
Louis De Rouck;BEL;5;1616;-1;53
Adrian Gerardo Daus;ARG;5;1616;-1;53
Jorge Sanchez Marquez;MEX;5;1616;-1;53
Bruno Alfaro;ARG;5;1616;-1;53
Omar Bahrouzyan;UAE;5;1616;-1;53
Gabriel Pontiz;ARG;5;1616;-1;53
Iker Jimenez Figuerola;ESP;5;1616;-1;53
Manuel Jesus Arias Ortiz;ESP;5;1616;-1;53
Omar Al-Taei;OMA;5;1616;-1;53
Joris Zumelzu;FRA;5;1616;-1;53
Yi Feng;CHN;5;1616;-1;53
Yuanzhi Pang;CHN;5;1616;-1;53
Kobe Cuppens;BEL;5;1616;-1;53
Francisco Jose Escalante;ESP;5;1616;-1;53
Carlos Archila;VEN;5;1616;-1;54
Daniel Koehler;USA;5;1616;-1;54
Sameer Varun Reddy Sivareddy;IND;5;1616;-1;54
Jorge Marcelo Daud;ARG;5;1616;-1;54
David Lopez Cruz;ESP;5;1616;-1;54
Pablo Tejero Delgado;ESP;5;1616;-1;54
Hugo Olivier;RSA;5;1616;-1;54
Aleksandre Tavartkiladze;GEO;5;1616;-1;54
Anshuman Rath;HKG;5;1616;-1;54
Evert Verbesselt;BEL;5;1616;-1;54
Jiahao Dong;CHN;5;1616;-1;54
Michal Wargocki;POL;5;1616;-1;54
Raul Medina Rico;ESP;5;1616;-1;54
Bruno Perescu;ROU;5;1616;-1;54
Omeis Chadi;CIV;5;1616;-1;54
James Southwood;GBR;5;1616;-1;54
Sergio Merchán González;ESP;5;1616;-1;54
Thomas Cartledge;GBR;5;1616;-1;54
Enzo Correia;FRA;5;1616;-1;54
Yorgo Molina Pizarro;CHI;5;1616;-1;54
Mahmoud Koronfiely;EGY;5;1616;-1;54
Lautaro Angelini;ARG;5;1616;-1;54
Adeel Allawala;PAK;5;1616;-1;54
Rodrigo Amaral;USA;5;1616;-1;54
Riyaadh Farid Motani;RSA;5;1616;-1;54
Khalifa Rashdan;BRN;5;1616;-1;54
Ross Taylor;AUS;5;1616;783;54
Craig De Silva;GBR;5;1616;-1;54
Cheevan Davids;RSA;5;1616;-1;54
Juan Manuel Vergara;ARG;5;1616;-1;54
Zaizhen Li;CHN;5;1616;-1;54
Daniel Agüero Mateo;ECU;5;1616;-1;54
Simone Setti;ITA;5;1616;-1;54
Antoni Pi Alarcon;ESP;5;1616;0;54
Luis Vilchez Trapero;ESP;5;1616;-1;54
Noel Antonio Agra;PHI;5;1616;-1;54
Wuyingjun Wu;CHN;5;1616;-1;55
Romà Busquets Picañol;ESP;5;1616;-1;55
Arturo Sosa;MEX;5;1616;-1;55
Mattia Faseli;ITA;5;1616;-1;55
Agustin Ignacio Collosso;ITA;5;1616;-1;55
Yuki Iwamoto;JPN;5;1616;-1;55
Philippos Andreou Fernandez;CYP;5;1616;-1;55
Franco Saenz;ARG;5;1616;-1;55
Julien Motz;FRA;5;1616;-1;55
Ziad Sherif Hussein;EGY;5;1616;-1;55
Salvador Simões;POR;5;1616;-1;55
Daniel Alberto Chelar;ARG;5;1616;-1;55
Nicolas Cortijo Sanchez;ESP;5;1616;-1;55
Juan Ramiro Irigoitia;ARG;5;1616;-1;55
Fakhry Hassan;CIV;5;1616;-1;55
Alejandro Basso;ESP;5;1616;0;55
Samar Malhotra;IND;5;1616;-1;55
Adarsh Kontham;IND;5;1616;-1;55
Javier Rodriguez Acosta;ESP;5;1616;-1;55
Jerome Inzerillo;FRA;5;1616;-417;55
Valentin Wenger;SUI;5;1616;-1;55
William Agritelley;USA;5;1616;-1;55
Lucian Eugen Perescu;ROU;5;1616;-1;55
Oskar Nurmio;FIN;5;1616;-1;55
Igor Souto;BRA;5;1616;-1;55
Guilherme Fachin Da Cunha;USA;5;1616;-1;55
Alvaro Cañasveras Boza;ESP;5;1616;-1;55
Oscar Govik;SWE;5;1616;-1;55
Sebastiao Mendonça;POR;5;1616;-1;55
Nick Braet;BEL;4;1974;-7;55
Alberto Moreno Andrei;ESP;4;1974;-7;55
Charles Desmet;BEL;4;1974;0;55
Abdulrahman Alyafei;QAT;4;1974;-7;55
Raul Pérez Lozano;ESP;4;1974;-7;55
Joshua Kashdan;GBR;4;1974;-359;55
Marcos Diaz De La Lastra;ESP;4;1974;-7;55
Bastian Dario Barrueto Marzan;CHI;4;1974;-7;56
Andrea Rosa Fauzza;ITA;4;1974;-7;56
Yuta Ichikawa;JPN;4;1974;-7;56
Enzo Fuentealba;CHI;4;1974;-7;56
Martim Silva;POR;4;1974;-7;56
Sattam Alshahrani;KSA;4;1974;-7;56
Iker Zamora Garcia;ESP;4;1974;-7;56
Jose Ariel Rivera Puebla;CHI;4;1974;-7;56
Diego Pedrero;ESP;4;1974;-7;56
Jassim Alharami;QAT;4;1974;-7;56
Benjamin Benavente;CHI;4;1974;-7;56
Pablo Manuel Diaz Weisser;CHI;4;1974;-7;56
Alfonso Chavez Canales;CHI;4;1974;-7;56
Luciano Miguel Piñero;ARG;4;1974;-7;56
Brian Cabrera;ARG;4;1974;-7;56
Sergio Cornejo Valenzuela;CHI;4;1974;-7;56
Michel Diniz;BRA;4;1974;-7;56
Weiliang Chen;CHN;4;1974;-7;56
Rio Hanif;GBR;4;1974;-7;56
Abdulla Alsada;QAT;4;1974;-7;56
Ali Attiie;LBN;3;2001;-6;56
Fillip Drachmann;DEN;3;2001;-6;56
Bob Rolink;NED;3;2001;-6;56
Biel Camacho Serra;ESP;3;2001;-6;56
Michael Leonard Sungkono;INA;3;2001;-6;56
Carlos Pena Rodriguez;ESP;3;2001;-6;56
Fritz Chris Verdad;PHI;3;2001;-6;56
Sofus Worm Enrum;DEN;3;2001;-6;56
Weston Wai Ming Yu;HKG;3;2001;-6;56
Giorgio Soemarno;INA;3;2001;-6;56
Ovanes Petrosyan;GEO;3;2001;-6;56
Mathias Gonzalez Lambert;ESP;3;2001;-6;56
Carlos Mackenna Muñoz;CHI;3;2001;-6;56
Ruchir Mahajan;IND;3;2001;-6;56
Mohammed Almannai;BRN;3;2001;-6;56
Thomas Vejling Melgaard Nielsen;DEN;3;2001;-6;56
Rassulov Nabi;KAZ;3;2001;-6;57
Evgeny Korotaev;RUS;3;2001;-6;57
Justus Ranta;FIN;3;2001;-6;57
Jorge Gabriel Rosales Castro;ARG;3;2001;-6;57
Facundo Quiroga;ARG;3;2001;-6;57
Craig Stewart;GBR;3;2001;-6;57
Shinnosuke Nakamura;JPN;3;2001;-6;57
Angelos Vlatakis;GRE;3;2001;-6;57
Milton Jonsson;SWE;3;2001;-6;57
Siraj Choukair;LBN;3;2001;-6;57
Jonas Myrer;NOR;3;2001;-6;57
Silvestre Paris;ARG;3;2001;0;57
Alami Mohamed;MAR;3;2001;-6;57
Rayan Zorkot;CIV;3;2001;-6;57
Simon Termansen;DEN;3;2001;-6;57
Oskar Erik Hakonen;EST;3;2001;-6;57
Hans Van Der Meulen;NED;3;2001;398;57
Basem Alsharji;BRN;3;2001;-6;57
Alfredo Miranda;USA;3;2001;-6;57
Anas Lakhdar Ghazal;MAR;3;2001;-6;57
Thiago Mayerna;ARG;3;2001;-6;57
Pelle Emil Hansen;DEN;3;2001;-6;57
Toni Dujmenovic;CRO;3;2001;-6;57
Marius Schjoetz;DEN;3;2001;-6;57
Craig O'Shannessy;AUS;3;2001;398;57
Darryl Ferzle;CIV;3;2001;-6;57
Cole Fiegel;USA;3;2001;-6;57
Lucas Miguel Caceres Rodriguez;ARG;3;2001;-6;57
David Ibañez Martinez;ESP;3;2001;-6;57
Mark Veldmate;NED;3;2001;-6;57
Arya Ashok;IND;3;2001;-6;57
Aleksei Golovachev;RUS;3;2001;-6;57
Clemente Vasquez Gonzalez;CHI;3;2001;-6;57
Ignacio Arias Quintana;ESP;3;2001;-6;57
Miguel Rodriguez Revillas;ESP;3;2001;-6;57
Takafumi Tominaka;JPN;3;2001;-6;57
Plutarch Deliyannis;AUS;3;2001;0;58
Gonzalo Ferrero Bayarri;ESP;3;2001;-6;58
Andres Blancas Olvera;MEX;3;2001;-6;58
Christopher Stanford;RSA;3;2001;-6;58
Johannes Christiaan Pieterse;GER;3;2001;-6;58
Jerry Johan Echter;NED;3;2001;-6;58
Niccolò Abbrescia;ITA;3;2001;-6;58
Thomas Reynolds;GBR;3;2001;-6;58
Ryan Rymarczyk;POL;3;2001;-6;58
Zhansultan Chembotayev;KAZ;3;2001;-6;58
Enrique Cepas;ESP;3;2001;-6;58
Paolo Trabalza;ITA;3;2001;-6;58
Dado Dietel;GER;3;2001;-6;58
Abdulrahman Janahi;BRN;3;2001;-6;58
Burzio Matteo;ITA;3;2001;-6;58
Miguel Ángel Medina Mateu;ESP;3;2001;-6;58
Marcelo Ignacio Plaza Valenzuela;CHI;3;2001;-6;58
Gilang Mahendra;INA;3;2001;-6;58
Aleksandre Tavkhelidze;GEO;3;2001;-6;58
Giorgi Vachnadze;GEO;3;2001;-6;58
Evangelos Bogris;GRE;3;2001;-6;58
Wiggo Johansson;SWE;3;2001;-6;58
Radu Traian Ionescu;USA;3;2001;-6;58
Salman Alkhalifa;BRN;3;2001;-6;58
Famaz Shanavas;IND;3;2001;-6;58
Kevin Romero Bocanegra;ESP;3;2001;-6;58
Felipe Jose Villaça;BRA;3;2001;-6;58
Yuhui Wang;CHN;3;2001;-6;58
Antonios Markantonakis;GRE;3;2001;-6;58
Ekaitz Gorostiaga;ESP;3;2001;-6;58
Marcos Moreno;ESP;3;2001;-6;58
Jeremie Euphrasie;FRA;3;2001;-6;58
Agustin Cervera Valdivieso;ARG;3;2001;-6;58
Noah Robert;FRA;3;2001;-6;58
Lucas Benjamin Falco;ARG;3;2001;-6;58
Julius Fuglsang;DEN;3;2001;-6;58
Iker Rabinad Vila;ESP;3;2001;-6;59
Dane Dunlap;CAN;3;2001;-6;59
Luis Otavio Pires;BRA;3;2001;-6;59
Ralph Adel Tohme;LBN;3;2001;-6;59
Tristin Pretorius;RSA;3;2001;-6;59
Andres Martinez Cuquerella;ESP;3;2001;-6;59
Octavio Nicolas Corzo;ARG;3;2001;-6;59
Yusuke Okubo;JPN;3;2001;-6;59
Muhammad Muzammil Khalid;PAK;3;2001;-6;59
Arturo Reyes;ARG;3;2001;-6;59
Jeremy Gala;BEL;3;2001;-6;59
Mads Elholm;DEN;3;2001;-6;59
Ruan Lategan;RSA;3;2001;-6;59
Mihai Crapatureanu;ROU;3;2001;-6;59
Ivan Ortigosa Comas;ESP;3;2001;-6;59
Pasquale Giardiello;ITA;3;2001;-6;59
Cristobal Nuñez;CHI;3;2001;-6;59
Daniel Sardina Serrano;ESP;3;2001;-6;59
Diego Del Percio;ARG;3;2001;-6;59
William Johansson;SWE;3;2001;-6;59
Riemer Sijbring;NED;3;2001;-6;59
Paul Fearon;JAM;3;2001;-6;59
Pierre Valsot;MON;3;2001;-6;59
Teruaki Ando;JPN;3;2001;-6;59
Oscar Guerrero Pascual;ESP;3;2001;-6;59
Jerko Brkic;CRO;3;2001;-6;59
Grgo Dujmovic;CRO;3;2001;-6;59
Luis Ricardo Aguirre;ESP;3;2001;-6;59
Mika Heikkinen;SWE;3;2001;-6;59
Elienoe Nicolay;LUX;3;2001;-6;59
Emir Emiro?lu;TUR;3;2001;-6;59
Ander Plazaola Zabala;AUS;3;2001;679;59
Javier Perez Morillas;ESP;3;2001;-6;59
Enzo Chua;SIN;3;2001;-6;59
Sergi Alvarado Marquez;ESP;3;2001;-6;59
Sebastian Miguel Guzman;ARG;3;2001;-6;59
German Neuburger;ARG;3;2001;-6;60
Benjamin Lespes;FRA;3;2001;-6;60
Alberto Cost Torralba;ESP;3;2001;-6;60
Tomas Castro;ESP;3;2001;-6;60
Osama Salah Mubarak;BRN;3;2001;-6;60
Nikola Tuparov;BUL;3;2001;-6;60
Ferran Luarna Montilla;ESP;3;2001;-6;60
Leonard Lozancic;CRO;3;2001;-6;60
Alvaro Pizarro;CHI;3;2001;-6;60
Jose Manuel Lillo Albertos;ESP;3;2001;-6;60
Jose Adrian Prieto Nuñez;ESP;3;2001;-6;60
Kristoffer Strand Oedven;NOR;3;2001;-6;60
Arnau Vidal Miro;ESP;3;2001;-6;60
Ludvig Jönsson;SWE;3;2001;-6;60
Carl Isaac Wiman;SWE;3;2001;-6;60
Talha Jamal Butt;PAK;3;2001;-6;60
David Cañizares Illescas;ESP;3;2001;-6;60
Wongsathorn Swangchot;THA;3;2001;-6;60
Calin Motorga;ROU;3;2001;-6;60
Polychronios Sirpos;GRE;3;2001;-6;60
Jorge Soto;MEX;3;2001;-6;60
Muhammad Ahsen;PAK;3;2001;-6;60
Martin Stolt;SWE;3;2001;-6;60
Daniel Espiño Rodriguez;ESP;3;2001;-6;60
Octavio Guardia Domínguez;ARG;3;2001;-6;60
Oscar Moya Gaitan;ESP;3;2001;-6;60
Andreas Psaltis;CYP;3;2001;-6;60
Mikhail Drachuk;KAZ;3;2001;-6;60
Damian Schlebusch;RSA;3;2001;-6;60
Juan Pereiro Gonzalez;ESP;3;2001;-6;60
Khar Keon Wong;MAS;3;2001;-6;60
Lasse Sundell;SWE;3;2001;-6;60
Ivan Ignacio Herrera;IRL;3;2001;-6;60
Cristian Lopez Sanchis;ESP;3;2001;-6;60
Markus Kerner;EST;3;2001;-6;60
Frederico De Marco Rigon;BRA;3;2001;-6;60
Johan Lykken;DEN;3;2001;-6;61
Emiliano Ruben Bustos;ITA;3;2001;-6;61
Leverdez Brice;FRA;3;2001;-6;61
Nooh Haji;BRN;3;2001;-6;61
Bilal Aribal;CIV;3;2001;-6;61
John Clerkin;IRL;3;2001;-6;61
Husain Dawani;BRN;3;2001;-6;61
Aman Behar;IND;3;2001;-6;61
Jose Antonio Macia Herrera;ESP;3;2001;-6;61
Ben Kogel;GER;3;2001;-6;61
Benjamin Are Bruun;NOR;3;2001;-6;61
Ignacio Perez Alonso;ESP;3;2001;-6;61
Alibek Yessenov;KAZ;3;2001;-6;61
Victor Escorihuela Dealbert;ESP;3;2001;-6;61
Joao Magalhaes;POR;3;2001;-6;61
Joey Chua Tiong Hoey;MAS;3;2001;-6;61
Laurent Baese;GER;3;2001;-6;61
Luis Simoes;POR;3;2001;-6;61
Martin Ariel Andornino;ITA;3;2001;-6;61
Joaquin Saura Padilla;ESP;3;2001;-6;61
Olivier Roux;USA;3;2001;-6;61
Pedro Izquierdo Cuerda;ESP;3;2001;0;61
Mauro Bertone;ARG;3;2001;-6;61
Muhammad Mudassar Khalid;PAK;3;2001;-6;61
Filippo Simeoni;ITA;3;2001;-6;61
Alvaro Lopez Navarro;ESP;3;2001;-6;61
Rafael Gonzalez Guerrero;ESP;3;2001;-6;61
Osamah Almaqaleh;YEM;3;2001;-6;61
Muhammad Azhar;PAK;3;2001;-6;61
Thomas Main;RSA;3;2001;-6;61
Ivan Freire Ruiz;ESP;3;2001;-6;61
Faustas Kuliušas;LTU;3;2001;-6;61
Jose De La Riva Huerta;ESP;3;2001;-6;61
Hugo Garcia Martinez;ESP;3;2001;-6;61
Adrian Garcia Gonzalez;ESP;3;2001;-6;61
Maher Hachem;SEN;3;2001;-34;61
Mohamed Al-Nusuf;BRN;3;2001;-6;62
Mads Vernegaard;DEN;3;2001;-6;62
Chandan Matada Renukacharya;IND;3;2001;-6;62
Alvaro Meras De Teresa;ESP;3;2001;-6;62
Sylvain Seynaeve;BEL;3;2001;-6;62
Padchon Ngamkiatkhajorn;THA;3;2001;-6;62
Stanislas mathias jean-Francois Hug;FRA;3;2001;-6;62
Andrea Zikic;ITA;3;2001;-6;62
Aidan Khairuddin;MAS;3;2001;-6;62
Alberto Lastortres Mancilla;ESP;3;2001;-6;62
Braulio Cortes Maldonado;CHI;3;2001;-6;62
Nikoloz Davlianidze;GEO;3;2001;-6;62
Aaran Eastwood;GBR;3;2001;-6;62
Tomy Salas;FRA;3;2001;-6;62
Carlos Eduardo Delgado Muñoz;CHI;3;2001;-6;62
Mohamed Alansari;BRN;3;2001;-6;62
Didier Tanous;FRA;3;2001;-6;62
Karl Henrik Hoff Raaholt;NOR;3;2001;-6;62
Boštjan Repanšek;SLO;3;2001;-6;62
Bru Veciana Coronado;ESP;3;2001;-6;62
Iker Sevilla;ESP;3;2001;-6;62
Luca Di Maggio;ITA;3;2001;-6;62
Matteo Iafisco;ITA;3;2001;-6;62
Federico Morano;ITA;3;2001;-6;62
Francisco Marquez Arenas;ESP;3;2001;-6;62
Irakli Tsurtsumia;GEO;3;2001;-6;62
Alejandro Santaella Torcello;ESP;3;2001;-6;62
Andria Antadze;GEO;3;2001;-6;62
Mario Barcelo;GRE;3;2001;-6;62
Leonardo Zarate;MEX;3;2001;-6;62
Dario Maturi;MON;3;2001;-6;62
Johannes Ravn Brække;NOR;3;2001;-6;62
Victor Rodriguez Gauthier;ESP;3;2001;-6;62
Dominique Coene;BEL;3;2001;-6;62
Volkan Dundar;TUR;3;2001;-6;62
Antonio Luis Ruiz Casero;ESP;3;2001;-6;62
Lucas Christensen;DEN;3;2001;-6;63
Gustavo Garcia Jimenez;ESP;3;2001;-6;63
Omar Nadim;EGY;3;2001;-6;63
Adrian Casanova Marrero;ESP;3;2001;-6;63
Stoyan Dinchiiski;BUL;3;2001;-6;63
Mohamed Sultan;BRN;3;2001;-6;63
Muath Almuaili;BRN;3;2001;-6;63
Alex Casas Solsona;ESP;3;2001;-6;63
Stanislas Barbe;FRA;3;2001;0;63
Eleftherios Neos;CYP;3;2001;-6;63
Tim Milton;RSA;3;2001;-6;63
Gonzalo Diez;ESP;3;2001;-6;63
Alejandro Fernandez Mora;ESP;3;2001;-6;63
Nicolas Pablo Rodriguez;ARG;3;2001;-6;63
Manel Tabuena Lopez;ESP;3;2001;-6;63
Curtis Chung Ting Yu;HKG;3;2001;-6;63
Marcus Cipri;AUS;3;2001;0;63
Yong Zhang;CHN;3;2001;-6;63
Mark Stillerman;RSA;3;2001;-6;63
Jingfeng Zhang;CHN;3;2001;-6;63
Bader Mohamed;BRN;3;2001;-6;63
Agustin Medina;CHI;3;2001;-6;63
Gonzalo Izquierdo Lopez;ESP;3;2001;-6;63
Enrique Uribe;USA;3;2001;-6;63
Giuseppe Federico;ITA;3;2001;-6;63
Antonio Manzano Valcarcel;ESP;3;2001;-6;63
Farhan Mustafa;PAK;3;2001;-6;63
Ralph Boekema;NED;3;2001;-6;63
Tommaso Donda;ITA;3;2001;-6;63
Dinu Serbanescu;ROU;3;2001;-6;63
Daniel Eugster Sorensen;DEN;3;2001;-6;63
Jassim Mohammed Alzeyara;QAT;3;2001;-6;63
Mantas Gricius;LTU;3;2001;-6;63
Guillem Medina Cuadradas;ESP;3;2001;-6;63
Raphael Bittencourt;BRA;3;2001;-6;63
Alejandro Eugenio Reino Brehcist;ESP;3;2001;-6;63
Jesse Lohr;NED;3;2001;-6;64
Michael Geraghty;NOR;3;2001;-6;64
Alvaro Ruiz Cotorro Sagastizabal;ESP;3;2001;0;64
Ignacio Carbonero;ESP;3;2001;-6;64
Juan Torres Palacios;ESP;3;2001;-6;64
Thomas Lorin;FRA;3;2001;-6;64
Iago Blanco Negro;ESP;3;2001;-6;64
Rajneesh Bhandari;IND;3;2001;-6;64
Vincent Lam;HKG;3;2001;-6;64
Håkon Melbø;NOR;3;2001;-6;64
Maxim Spisiak;SVK;3;2001;-6;64
Rumen Goranov;BUL;3;2001;-6;64
Dan Glavic;SLO;3;2001;-6;64
Lorcan Loughrey;IRL;3;2001;-6;64
Gabriel Perdomo Gascon;ESP;3;2001;-6;64
Wee Ming Hock Vincent Jones Jr;MAS;3;2001;-6;64
Daniel Gonzalez Dominguez;ESP;3;2001;-6;64
Khoo Teng Seng Julian;MAS;3;2001;-6;64
Ben Reimond Libao;PHI;3;2001;-6;64
Daniel Bressel Ambrossi;ESP;3;2001;-6;64
Tomas Vaiš?;LTU;3;2001;-6;64
Jonas Ostergaard Store;NOR;3;2001;-6;64
Linus Ingvar Holthey;GER;3;2001;-6;64
Giovanni Cassano;ITA;3;2001;-6;64
Javier Merino Nieto;ESP;3;2001;0;64
Manatsu Arakawa;JPN;3;2001;-6;64
Yann Francoise;FRA;3;2001;-6;64
Alonso Garcia Sicilia;ESP;3;2001;-6;64
Edward Stoner;GBR;3;2001;-6;64
Nicholas Keevy;RSA;3;2001;-6;64
Pablo Figueroa;SWE;3;2001;-6;64
Sgadat Ayap;KAZ;3;2001;-6;64
Asier Mas Urkizu;ESP;3;2001;-6;64
Jeppe Hoejbjerg;DEN;3;2001;-6;64
Viktor Nyström;SWE;3;2001;0;64
Hussain Kazerooni;BRN;3;2001;-6;64
Mathieu Fung;FRA;3;2001;-6;65
Kareem Abdelgawad;EGY;3;2001;-6;65
Hayato Okubo;JPN;3;2001;-6;65
Stefano Tricarico;ITA;3;2001;-6;65
Andrew Borwick;RSA;3;2001;-6;65
Pablo Crespo Bernal;ESP;3;2001;-6;65
Rashed Alhammadi;UAE;3;2001;-6;65
Pavel Lavrikov;RUS;3;2001;-6;65
Zarour Derwich;CIV;3;2001;-6;65
Victor Teboul;FRA;3;2001;-6;65
Thibault De Galbert;FRA;3;2001;-6;65
Svein Roger Olsen;NOR;3;2001;-6;65
Jun Ming Liang;CHN;3;2001;-6;65
Kyle Olivier;RSA;3;2001;-6;65
Emilis Baltrimaitis;LTU;3;2001;-6;65
Jaime Gonzalez Diaz;ESP;3;2001;-6;65
Robert Gaylard;AUS;3;2001;398;65
Yannik Molina;ESP;3;2001;-6;65
Noah Johansen;FIN;3;2001;-6;65
Kamel Zarour;LBN;3;2001;-6;65
Ignacio Ybañez Cuerda;ESP;3;2001;0;65
Callum Ward;GBR;3;2001;-6;65
Victor Gomez Juan;ESP;3;2001;-6;65
Manuel Jordi Fulla Silva;CHI;3;2001;-6;65
Raul Vojinovic;CRO;3;2001;-6;65
Aakash Lalith Kumar Nanu;IND;3;2001;-6;65
Xavier Vilaseca Lucas;ESP;3;2001;-6;65
Vilas Thomsen;DEN;3;2001;-6;65
Pau García Bartual;ESP;3;2001;-6;65
Wael El Amine;CIV;3;2001;-6;65
Laurent Girbal;FRA;3;2001;-6;65
Tomas Aniceto Solé Molina;ESP;3;2001;-6;65
Jie Han Chai;MAS;3;2001;-6;65
Sebastian Courbis Laciart;CHI;3;2001;-6;65
Mario Krajinovic;CRO;3;2001;-6;65
Kristian Lofts;AUS;3;2001;0;65
Connor Taylor;GBR;3;2001;-6;66
Pol Espinal Rey;ESP;3;2001;-6;66
Adrian Sanchez Contreras;ESP;3;2001;-6;66
Marc Sempere Cardona;ESP;3;2001;-6;66
Jose Domingo Martinez Garcia;ESP;3;2001;-6;66
Marco Dal Mas;ITA;3;2001;-6;66
Gianmarco Gherardi;ITA;3;2001;-6;66
Leonel Zapata;ARG;3;2001;-6;66
Maxime Mora;FRA;3;2001;-34;66
Kazbek Shalbassov;KAZ;3;2001;-6;66
Tomas Diaz Dominguez;ESP;3;2001;-6;66
Alex Gutierrez;MEX;3;2001;-6;66
Mik Winterink;NED;3;2001;-6;66
Trevor Kosemaa;EST;3;2001;-6;66
Vladimir Popov;BUL;3;2001;-6;66
Martin Harizanov;BUL;3;2001;-6;66
Nicholas Cipri;AUS;3;2001;0;66
Esteban Robles Quesada;CRC;3;2001;-6;66
Anthony Salavracos;BEL;3;2001;-6;66
Francisco De Borja Prados;ESP;3;2001;-6;66
Khaled Almoosawi;BRN;3;2001;-6;66
Rashed AlObaidli;BRN;3;2001;-6;66
Tom Couturier;FRA;3;2001;-6;66
Saul Duran Heras;ESP;3;2001;-6;66
Adam Ottosson;SWE;3;2001;-6;66
Adriel Keogh;AUS;3;2001;398;66
David Catala Velasco;ESP;3;2001;-6;66
Alonso Moreno Muñoz;ESP;3;2001;-6;66
Eduard Medina Cuadradas;ESP;3;2001;-6;66
Rafael Peiro Gonzalez;ESP;3;2001;-6;66
Jorge Martinez;USA;3;2001;-6;66
David Lawrenson;GBR;3;2001;-6;66
Emmanuel Martin;FRA;3;2001;-6;66
Sam Ashenden;AUS;3;2001;-874;66
Brendan Falk;AUS;3;2001;0;66
Romain Potier;FRA;3;2001;-6;66
Hernan Cortez;ARG;3;2001;-6;67
Armando Soemarno;INA;3;2001;-6;67
Tobias Lystad;NOR;3;2001;-6;67
Patrik Severovic;CRO;3;2001;-6;67
Nikita Sidorov;KAZ;3;2001;-6;67
Arjen Robben;NED;3;2001;-6;67
Ziga Drobnic;SLO;3;2001;-6;67
Samuel Anton Romero;ESP;3;2001;-6;67
Mohamed Bahlool;BRN;3;2001;-6;67
Kavin Tamizh Vendan;IND;3;2001;-6;67
Robert Daley;AUS;3;2001;-479;67
Mateu Riera Parra;ESP;3;2001;-6;67
Kyle Isaacs;RSA;3;2001;-6;67
Rasmus Sig Weibel;DEN;3;2001;-6;67
Emanuele Fanti;ITA;3;2001;-6;67
Luca Agostinacchio;ITA;3;2001;-6;67
Janez Makovec;SLO;3;2001;-6;67
Santino Cordoba Torres;ARG;3;2001;-6;67
Javier Beloqui;ESP;3;2001;-6;67
Maxim Tkachenko;UKR;3;2001;-6;67
Manuel Cholbi Llido;ESP;3;2001;-6;67
Simone Vitulano;ITA;3;2001;-6;67
David Canavezes;POR;3;2001;-6;67
Jon Southern;GBR;3;2001;-6;67
Pierantonio Gherardi;ITA;3;2001;-6;67
Nasser Rashdan;BRN;3;2001;-6;67
Martin Torres Coggiola;ARG;3;2001;-6;67
Fan Yang;CHN;3;2001;-6;67
Joel Trifunovic;AUS;3;2001;0;67
Weyers Meintjes;RSA;3;2001;0;67
David Chelidze;GEO;3;2001;-6;67
Jamie Gall;GBR;3;2001;-6;67
Youssef Amin Safwat;EGY;3;2001;-6;67
Lionel Aimar Cabrera Diaz;ESP;3;2001;-6;67
Abdulaziz Almadani;BRN;3;2001;-6;67
Arturo Muñoz Garcia;ESP;3;2001;-6;67
Carlos Cuenca Navarro;ESP;3;2001;-6;68
Ignasi Sugrañes Martinez;ESP;3;2001;-6;68
Jonathan Almada Peralta;ARG;3;2001;-6;68
Syed Imran Yusoof;IND;3;2001;-6;68
Helder Simao;MOZ;3;2001;-6;68
Rony Achkar;VEN;3;2001;679;68
Faisal Ebrahim Hassan;ZIM;3;2001;-6;68
Murat Ulu;TUR;3;2001;-6;68
Ole Henrik Strand Odven;NOR;3;2001;-6;68
Deni Zmak;CRO;3;2001;-6;68
Jose Camilo Mesa;COL;3;2001;-6;68
Pratish Thadani;IND;3;2001;0;68
Tom Maquel;LUX;3;2001;-6;68
Scott Clayton;GBR;3;2001;-6;68
Georgi Stoyanov;BUL;3;2001;-6;68
Enric Batalla Lopez;ESP;2;2428;-29;68
Tsubasa Suminaka;JPN;2;2428;-29;68
Miguel Angel Mendez Velasco;ESP;2;2428;-29;68
Nikolajs Galkins;LAT;2;2428;-29;68
Sorin Petru Suba;ROU;2;2428;-29;68
Mahmoud Mohasseb;EGY;2;2428;-29;68
Franco Altube Casaseca;ARG;2;2428;-29;68
Abou Zeid Karim;CIV;2;2428;-29;68
Carlos Perez Garcia;ESP;2;2428;-29;68
Kaiyu Li;CHN;2;2428;-29;68
Arnaud Jadoul;BEL;2;2428;-29;68
Sebastian Graap;GER;2;2428;-29;68
Carsten Hovestadt;GER;2;2428;-29;68
Matteo Pracchi;ITA;2;2428;-29;68
Yury Lobanov;ROU;2;2428;-29;68
Luís Augusto Neves Guerra;BRA;2;2428;-29;68
Mikkel Brandt;DEN;2;2428;-29;68
Karl Leth;DEN;2;2428;-29;68
Gabriel Toledo Amador;ESP;2;2428;-29;68
Nicolas Vandermarliere;BEL;2;2428;-29;68
Michael Anthony Kahn;PHI;2;2428;-29;68
Daniel Herrera;ESP;2;2428;-29;69
Jacopo Bartolini;ITA;2;2428;-29;69
Loris Morvan;FRA;2;2428;-29;69
Francisco Alcober Aleman;ESP;2;2428;-29;69
Jose Miguel Sanchez Mañas;ESP;2;2428;-29;69
Alexander Muravyev;RUS;2;2428;-29;69
Halil Orbay Cobanoglu;TUR;2;2428;-29;69
Nicolae-Adrian Rozorea;ROU;2;2428;-29;69
Pierre Lebosse;FRA;2;2428;-29;69
Alexandre Brym;FRA;2;2428;-29;69
Georgios Hadjiconstantis;CYP;2;2428;-29;69
Alberto Caballero;ESP;2;2428;-29;69
Yida Ye;CHN;2;2428;-29;69
Sindiso Moyo;ZIM;2;2428;-29;69
Eduardo Franza;ESP;2;2428;-29;69
Jose Chamorro Rodriguez;ESP;2;2428;-29;69
Keiki Fukuda;JPN;2;2428;-29;69
Fernando Gabriel Ingaramo;ARG;2;2428;-29;69
Romain Luquet;GBR;2;2428;-29;69
Qiaojie Wang;CHN;2;2428;-29;69
Amadeo Baldini;ITA;2;2428;-29;69
Jordan Cruz;ESP;2;2428;-29;69
Joao Pedro Alves De Moraes;BRA;2;2428;-29;69
Anton Uribe Chavert;ESP;2;2428;-29;69
Ramon Camarena Gomez;ESP;2;2428;-29;69
Faisal Alolayan;KUW;2;2428;-29;69
Yannick Martell Beuzit;ESP;2;2428;-29;69
Mario Cordero;FRA;2;2428;-29;69
Samir Wazni;SEN;2;2428;-29;69
Joel Andrew Suryadi;INA;2;2428;0;69
Jesper Clausen;DEN;2;2428;-29;69
Luca Di Colli;ITA;2;2428;-29;69
Mario Navarro Ramirez;ESP;2;2428;-29;69
Gabriel Garcia;ESP;2;2428;-29;69
Wahyu Diantoro;INA;2;2428;-29;69
Arno De Proost;BEL;2;2428;-29;69
Francesc Bayona;ESP;2;2428;-461;70
Alasdair Owers Bradley;GBR;2;2428;-29;70
Lorenzo Dandieu;FRA;2;2428;-29;70
Semal Robin;BEL;2;2428;-29;70
Henrique Rosa De Freitas;BRA;2;2428;-29;70
Ehouman Ange Imran;CIV;2;2428;-29;70
Tomas Marques;POR;2;2428;-29;70
Denis Adrian Mocanu;ROU;2;2428;-29;70
Eduardo Ladeveze;ARG;2;2428;-29;70
Manuel Molines Lozano;ESP;2;2428;-29;70
Madalin Ilinca;ROU;2;2428;-29;70
Cleo Carvalho;BRA;2;2428;-29;70
Javier Zafra;ESP;2;2428;-29;70
Anton Yakovlev;RUS;2;2428;-29;70
Tomas Agustin Gallardo;ARG;2;2428;-29;70
Eric Nezien;CIV;2;2428;-29;70
Emilio Zwenger;ARG;2;2428;-29;70
Raul Delgado Abril;ESP;2;2428;-29;70
Gustavo Amastha;CHI;2;2428;-29;70
Nicolas Lopez;FRA;2;2428;-29;70
Marius Garnes;NOR;2;2428;-29;70
Beni Gomez Cabrera;ESP;2;2428;-29;70
Rui Huo;CHN;2;2428;-29;70
Abbas Makke;LBN;2;2428;-29;70
Conrado Capilla Garcia;ESP;2;2428;-29;70
Cesar Testoni;FRA;2;2428;-29;70
Karim Abdoul Kidami;CIV;2;2428;-29;70
Adam Diprose;AUS;2;2428;252;70
Ger Buenanueva;ARG;2;2428;-29;70
Alexander Khalanskii;RUS;2;2428;-29;70
Vincenzo Aiello;ITA;2;2428;-29;70
Ali AlShaikh;BRN;2;2428;-29;70
Ebbe Badersten;SWE;2;2428;-29;70
George Aerakis;GRE;2;2428;-29;70
Juan Pablo Ruiz;ARG;2;2428;-29;70
Alejandro Barrera Garcia;ESP;2;2428;-29;70
Dan Alexandru Tomescu;ROU;2;2428;-29;71
Ling Li;CHN;2;2428;-29;71
Antonio Sierra Sampaio;ESP;2;2428;-29;71
Pedro Antonio Zwan Bertin;BRA;2;2428;-29;71
Christoph Krenn;AUT;2;2428;-29;71
Paolo Calzavara;ITA;2;2428;-29;71
Francisco Camus Salvarredi;ARG;2;2428;-29;71
Alfredas Udra;LTU;2;2428;-29;71
Alex Alcega Dominguez;ESP;2;2428;-29;71
Pablo Andrés Palencia;ESP;2;2428;-29;71
Manfredas Udra;LTU;2;2428;-29;71
Elia Purita;ITA;2;2428;-29;71
Alessandro Tonelli;ITA;2;2428;-29;71
Tommaso Giachetti;ITA;2;2428;-29;71
Mariano Gombi;USA;2;2428;-29;71
Walef Vinicius Silva;BRA;2;2428;-29;71
Sebastiano Andrea Giustolisi;ITA;2;2428;-29;71
Daisuke Shoyama;JPN;2;2428;-29;71
Jose Falcon Castellanos;ESP;2;2428;-29;71
Gioele Lorenzin;ITA;2;2428;-29;71
Bernardo Terroso;POR;2;2428;-29;71
De Shen Heng;MAS;2;2428;-29;71
William Wiseman;USA;2;2428;-29;71
Yuli Huang;CHN;2;2428;-29;71
Joaquin Exequiel Blanco Gutierrez;ARG;2;2428;-29;71
Sebastião Dias;POR;2;2428;-29;71
Goncalo Berredo;POR;2;2428;-29;71
Remi Maunier;FRA;2;2428;-29;71
Bernardo Barreiros Ferreira;POR;2;2428;-29;71
Antonio Ledesma Castellò;ESP;2;2428;-29;71
Andrea Milani;ITA;2;2428;-29;71
Romain Rutkowski;FRA;2;2428;-29;71
German Ziella;USA;2;2428;-29;71
Karim Alejandro Mignani Lemos;ARG;2;2428;-29;71
Omar Amin;EGY;2;2428;-29;71
Loïc Le Panse Fernandez;FRA;2;2428;-29;71
Kevin Graff;FRA;2;2428;-29;72
Maksim Sukhanos;BLR;2;2428;-29;72
Carl Giles;AUS;2;2428;0;72
Andrew Seymour;AUS;2;2428;-29;72
Marcelo Hernandezgamez;USA;2;2428;-29;72
Arturo Veiga Viñoly;ESP;2;2428;-29;72
Zino Ouazene;CIV;2;2428;-29;72
David Vuong;SUI;2;2428;-29;72
Alejandro Andino Vallverdu;ESP;2;2428;-29;72
Adrián Cabello Alaman;ESP;2;2428;-29;72
Eric Bautheac;FRA;2;2428;-29;72
Nicolas Pont;BEL;2;2428;-29;72
Zhi Wang;CHN;2;2428;-29;72
Andrey Malakhov;NED;2;2428;-29;72
Ali Mert Ekener;TUR;2;2428;-29;72
Mingnibo Fidele Diamaho;CIV;2;2428;-29;72
Matias Nicolas Norre;ARG;2;2428;-29;72
Bruno Juanito;FRA;2;2428;-29;72
Hassan Ali;BRN;2;2428;-29;72
Cesar Andrés Palencia;ESP;2;2428;-29;72
Chenyang Fan;CHN;2;2428;-29;72
Antonio Doria;POR;2;2428;-29;72
Victor Rossi;ARG;2;2428;-29;72
Wenhao Wu;CHN;2;2428;-29;72
Andrew Smith;GBR;2;2428;-29;72
Ivan Sanchez Segui;ESP;2;2428;-29;72
Jon Guerra Larrauri;ESP;2;2428;-29;72
Tanguy Montoisy;BEL;2;2428;-29;72
Rakan Almuzaini;KUW;2;2428;-29;72
David Alten;AUT;2;2428;-29;72
Theodoros Rousos;CYP;2;2428;-29;72
Nikolas Zogaj;BEL;2;2428;-29;72
Leonardo Bogo Marcatto;BRA;2;2428;-29;72
Nicolas Fernandez Diaz;ESP;2;2428;-29;72
Darren McMullen;GBR;2;2428;0;72
Ismail Hakk? Kula;TUR;2;2428;-29;72
Andrea Masoero;ITA;2;2428;-29;73
Pierre Lagouardille;FRA;2;2428;-29;73
Marco Lazo Espinosa;CUB;2;2428;-29;73
Pedro Tellechea Omiste;ESP;2;2428;-29;73
Thibaut Mordacq;FRA;2;2428;-29;73
Miguel Baptista Da Silva;POR;2;2428;-29;73
Unax Arranz Maestre;ESP;2;2428;-29;73
Nuno Quelhas;POR;2;2428;-29;73
Xiangling Li;CHN;2;2428;-29;73
Camilo Velasco;USA;2;2428;-29;73
Guillermo Borrero Fernández De La Puente;ESP;2;2428;-29;73
Gianluca Lalli;ITA;2;2428;-29;73
David Garcia Gomez;ESP;2;2428;-29;73
Santiago Fernandez Escarcena;ESP;2;2428;-29;73
Xander Veys;BEL;2;2428;-29;73
Carlos Miguel Ramoa;POR;2;2428;-29;73
Daan Veldhuis;NED;2;2428;-29;73
Carlos Rodriguez;ESP;2;2428;-29;73
Hiroki Iwamoto;JPN;2;2428;-29;73
Jan Hulshagen;BEL;2;2428;-29;73
Adlan Bounemoura;FRA;2;2428;-29;73
Mauricio Klenner Campos;CHI;2;2428;-29;73
Lorenzo Maccarini;BRA;2;2428;-29;73
Markuss Tions;LAT;2;2428;-29;73
Aliaksei Hryts;BLR;2;2428;-29;73
Nikolaj Lange;DEN;2;2428;-29;73
Ronald Vargas;BEL;2;2428;-29;73
Giulio De Lutiis;ITA;2;2428;-29;73
Ryosuke Kizawa;JPN;2;2428;-29;73
Juan Jose Medina Rico;ESP;2;2428;-29;73
Anthony Galloo;FRA;2;2428;-29;73
Laurent Payet;FRA;2;2428;-29;73
Yaser Alhashemi;BRN;2;2428;-29;73
Joao Moura;POR;2;2428;-29;73
Daniel Lopez Gutierrez;ESP;2;2428;-29;73
Denis Ionut Sas;ROU;2;2428;-29;73
Omran Falaknazi;BRN;2;2428;-29;74
Wen Tian;CHN;2;2428;-29;74
Miguel Roman Moreno;ESP;2;2428;-29;74
Anton Agapov;RUS;2;2428;-29;74
Noah Houareau;FRA;2;2428;-29;74
Manfredo Pirone;ITA;2;2428;-29;74
Mattia Bosatelli;ITA;2;2428;-29;74
Louis Corker;AUS;2;2428;0;74
Juan Ignacio Gonzalez Jimenez;ESP;2;2428;-29;74
Sergio Lopez Rodriguez;ESP;2;2428;-29;74
Ilija Jankovic;SRB;2;2428;-29;74
Mattia Mena;ITA;2;2428;-29;74
Lautaro Nicolas Garcia Saez;ARG;2;2428;-29;74
Andy De Bruijne;NED;2;2428;-29;74
Miguel Ferreira;POR;2;2428;-29;74
Hikaru Yokoyama;JPN;2;2428;-29;74
Fernando Delgado;ESP;2;2428;-29;74
Javier Reiter;ARG;2;2428;-29;74
Armando Caiazzo;ITA;2;2428;-29;74
Haifeng Luo;CHN;2;2428;-29;74
Ted Nilsson;SWE;2;2428;0;74
Thibo Matthyssens;BEL;2;2428;-29;74
Ulugbek Ismailov;KAZ;2;2428;-29;74
Robert Wezeman;NED;2;2428;-29;74
Jared Cooper Vespa;USA;2;2428;-29;74
Sergiu-Darie Mede?an;ROU;2;2428;-29;74
Vito Morrone;ITA;2;2428;-29;74
Pedro Kaminski;BRA;2;2428;-29;74
Ian Salo;ESP;2;2428;-29;74
Raditya Kirana Rianto;INA;2;2428;-29;74
Benoit Dardaine;FRA;2;2428;-29;74
Bodhi De Muinck;BEL;2;2428;-29;74
Franck Binisti;FRA;2;2428;-29;74
Lucas Ladeveze;ARG;2;2428;-29;74
Joao Guimaraes;POR;2;2428;-29;74
Adria Lombera;ESP;2;2428;-29;74
Johannes Roscic;GER;2;2428;-29;75
Ilhan Sarp A?abigün;TUR;2;2428;-29;75
Samat Zhexenov;KAZ;2;2428;-29;75
Aimar Benitez Bernet;ESP;2;2428;-29;75
Axel Ezequiel Cardozo;ARG;2;2428;-29;75
Mateo Giribaldi;ARG;2;2428;-29;75
Alain Sassen;BEL;2;2428;-29;75
Lucas Duffort;BRA;2;2428;-29;75
Diego Ruiz Alcaide;ESP;2;2428;-29;75
Calvin Wyatt;GBR;2;2428;-29;75
Unsal Ataol Toker;TUR;2;2428;-29;75
Kevin Aguilar Lamarcha;ESP;2;2428;-29;75
Benjamin Oakes;GBR;2;2428;-29;75
Paul Soubies;FRA;2;2428;-29;75
Jonas Vanhauwe;BEL;2;2428;-29;75
Javier Quesada Dominguez;ESP;2;2428;-29;75
Jorn Vande Moortele;BEL;2;2428;-29;75
Alejandro Pina Lopez;ESP;2;2428;-29;75
Nicolas Escavabaja;FRA;2;2428;-29;75
Xavier Cardoso;POR;2;2428;-29;75
Jos Van Acker;BEL;2;2428;-29;75
Edoardo Pennino Zugarelli;ITA;2;2428;-29;75
Lautaro Aguilera;ARG;2;2428;-29;75
Iacopo Zagaglioni;ITA;2;2428;-29;75
Joaquin Paez;ARG;1;2689;-9;75
Marco Fogliata;ITA;1;2689;-9;75
Mario Lozano;ESP;1;2689;-9;75
Sergio Grau Cervera;ESP;1;2689;-9;75
Omar Althagib;KSA;1;2689;-9;75
Javier Ignacio Cuadra Campusano;CHI;1;2689;-9;75
Mariano Solano;CHI;1;2689;-9;75
Maxime Moreau;FRA;1;2689;-290;75
Marcos Felipe Guerra Alvarez;CHI;1;2689;-9;75
Cristobal Matias Zamorano Lopez;CHI;1;2689;-9;75
Patricio León Ancares;CHI;1;2689;-9;75
Abdulaziz Alyafei;QAT;1;2689;-9;75
Sebastian Burgos;CHI;1;2689;-9;76
Giovanny Avello;CHI;1;2689;-9;76
