name;country;points;position;move;page_no
Delfina Brea Senesi;ARG;18060;1;0;1
Gemma Triay Pons;ESP;18060;1;0;1
Paula Josemaria Martin;ESP;14720;3;0;1
Ariana Sanchez Fallada;ESP;14720;3;0;1
Claudia Fernandez Sanchez;ESP;13040;5;0;1
Beatriz Gonzalez Fernandez;ESP;13040;5;0;1
Sofia Araujo;POR;7030;7;0;1
Andrea Ustero Prieto;ESP;6625;8;0;1
Marta Ortega Gallego;ESP;6435;9;0;1
Tamara Icardo Alcorisa;ESP;6050;10;0;1
Claudia Jensen;ARG;5405;11;0;1
Alejandra Alonso De Villa;ESP;5385;12;0;1
Alejandra Salazar Bengoechea;ESP;5110;13;0;1
Martina Calvo Santamaria;ESP;4745;14;0;1
Veronica Virseda;ESP;4190;15;0;1
Marina Guinart España;ESP;4035;16;0;1
Carmen Goenaga Garcia;ESP;3715;17;0;1
Beatriz Caldera Sanchez;ESP;3715;17;0;1
Aranzazu Osoro Ulrich;ARG;3640;19;0;1
Victoria Iglesias Segador;ESP;3420;20;0;1
Lucia Sainz Pelegri;ESP;2980;21;0;1
Patricia Llaguno Zielinski;ESP;2965;22;0;1
Jessica Castello Lopez;ESP;2480;23;0;1
Raquel Eugenio Barrera;ESP;2380;24;0;1
Martina Fassio Goyeneche;ARG;2370;25;0;1
Lorena Rufo Ortiz;ESP;2190;26;0;1
Marta Barrera De La Fuente;ESP;2185;27;0;1
Jimena Velasco Postiguillo;ESP;2115;28;0;1
Carolina Orsi;ITA;1960;29;0;1
Marta Caparros Maldonado;ESP;1885;30;0;1
Araceli Martinez;ESP;1845;31;0;1
Noa Canovas Paredes;ESP;1820;32;0;1
Ksenia Sharifova;RUS;1810;33;0;1
Alix Collombon;FRA;1765;34;0;1
Virginia Riera;ARG;1716;35;0;1
Maria Eulalia Rodriguez Abajo;ESP;1690;36;0;1
Nuria Rodriguez;ESP;1655;37;0;2
Lucia Martinez Gomez;ESP;1650;38;0;2
Julieta Evangelina Bidahorria;ARG;1575;39;0;2
Ana Catarina Nogueira;POR;1565;40;0;2
Melania Merino Saez;ESP;1502;41;0;2
Lara Arruabarrena;ESP;1495;42;0;2
Agueda Perez Ortiz;ESP;1474;43;0;2
Marta Borrero;ESP;1472;44;0;2
Marta Talavan;ESP;1470;45;0;2
Sara Ruiz Soto;ESP;1315;46;0;2
Marina Lobo;ESP;1315;46;0;2
Letizia Maria Manquillo Alarza;ESP;1257;48;0;2
Laura Lujan Rodriguez;ESP;1250;49;0;2
Noemi Aguilar Carrillo;ESP;1244;50;0;2
Giorgia Marchetti;ITA;1234;51;0;2
Sofia Saiz Vallejo;ESP;1214;52;0;2
Julia Polo Bautista;ESP;1174;53;0;2
Barbara Las Heras;ESP;1148;54;0;2
Patricia Martinez Fortun;ESP;1126;55;0;2
Carolina Navarro Björk;SWE;1066;56;0;2
Teresa Navarro lopez-Barajas;ESP;1064;57;0;2
Jana Montes Cabruja;ESP;1046;58;0;2
Lucia Garcia Trella;ESP;1013;59;0;2
Carla Mesa Salazar;ESP;971;60;0;2
Lea Godallier;FRA;940;61;0;2
Esther Carnicero Martin;ESP;929;62;0;2
Marta Marrero;ESP;926;63;0;2
Amanda Lopez Moral;ESP;918;64;0;2
Sandra Bellver Fructuoso;ESP;899;65;0;2
Marta Arellano Navarro;ESP;876;66;0;2
Giulia Dal Pozzo;ITA;857;67;0;2
Ariadna Cañellas Rodero;ESP;763;68;0;2
Camila Fassio Goyeneche;ESP;763;68;0;2
Monica Gomez Rivas;ESP;747;70;0;2
Ana Dominguez Gracia;ESP;738;71;1;2
Natividad Lopez Diaz;ESP;730;72;-2;2
Rebeca Lopez Lopez;ESP;727;73;0;3
Alba Perez Momha;ESP;726;74;1;3
Aida Martinez Sanjuan;ESP;710;75;-2;3
Anna Ortiz Gasco;ESP;660;76;0;3
Lorena Vano;ITA;654;77;0;3
Carlotta Casali;ITA;610;78;0;3
Carla Touly;FRA;602;79;1;3
Marcella Koek;NED;581;80;-1;3
Victoria Kurz;GER;572;81;0;3
Lucia Peralta Exposito;ESP;559;82;0;3
Daiara Agustina Valenzuela;ARG;542;83;1;3
Lucia Micaela Fernandez Lopez;ESP;541;84;1;3
Ana Varo Ramos;ESP;539;85;1;3
Claudia Escacena Montero;ESP;531;86;-3;3
Camila Ramme Coellar;MEX;522;87;1;3
Aitana Garcia Roman;ESP;505;88;1;3
Maria Portillo Perez;ESP;494;89;1;3
Aimee Gibson;GBR;475;90;-3;3
Carla Fito Fernandez;ESP;462;91;1;3
Janine Hemmes;NED;446;92;1;3
Catarina Santos Domingos;POR;442;93;1;3
Rosalie Van Der Hoek;NED;440;94;1;3
Maria Teresa Moriñigo Gomez;ESP;435;95;1;3
Bo Luttikhuis;NED;433;96;-5;3
Raquel Piltcher;BRA;426;97;0;3
Brittany Dubins;USA;406;98;0;3
Xenia Clasca Vidiella;ESP;390;99;0;3
Lucia Perez Parra;ESP;389;100;0;3
Patricia Araus Lopez;ESP;389;100;0;3
Ana Cristina Sanchez Perez;ESP;386;102;0;3
Martina Parmigiani;ITA;383;103;0;3
Caterina Maria Baldi;ITA;373;104;0;3
Emily Stellato;ITA;351;105;1;3
Ainize Santamaria Landa;ESP;349;106;1;3
Giorgia Rosi;ITA;348;107;1;3
Blanca Arriola Cerrejon;ESP;342;108;1;3
Clarissa Margherita Aima;ITA;339;109;1;4
Clarinha Santos;POR;339;109;1;4
Sara Pujals Perez;ESP;338;111;1;4
Eugenia Guimet Bigas;ESP;336;112;5;4
Stephanie Weterings;NED;331;113;0;4
Manuela Schuck Silva;BRA;329;114;0;4
Margarida Fernandes;POR;329;114;0;4
Dora Andrejszki;HUN;328;116;0;4
Patricia Maria Ribeiro;POR;321;117;1;4
Louise Bahurel;FRA;320;118;1;4
Carla Fernandez Gonzalez;ESP;315;119;3;4
Catherine Rose;GBR;315;119;-14;4
Giulia Sussarello;ITA;301;121;-1;4
Maria Laura Ferreyra;ARG;298;122;-1;4
Natalia Molinilla Paniagua;ESP;292;123;0;4
Nerea Guerra Santana;ESP;291;124;2;4
Camilla Livioni;ITA;291;124;0;4
Paula Ferrán;ESP;278;126;-1;4
Valeria Atencia Basilio;ESP;271;127;0;4
Marianela Montesi;ITA;270;128;0;4
Arantxa Soriano Perez;ESP;263;129;0;4
Tia Louisa Norton;GBR;262;130;0;4
Chiara Pappacena;ITA;260;131;0;4
Alba Gallardo Salvado;ESP;254;132;0;4
Dora Chamli;TUN;254;132;0;4
Bruna Albuquerque Melo;POR;253;134;0;4
Maaike Betz;NED;252;135;0;4
Angelina Neizvestnaya;RUS;242;136;0;4
Ana Maria Cabrejas Ruiz;MEX;240;137;0;4
Carla Serrano Gonzalez;ESP;239;138;0;4
Elsa Terranova;ITA;236;139;0;4
Karin Hechenberger;SUI;235;140;0;4
Lisa Rachel Phillips;GBR;223;141;2;4
Sara Foguer Lapuente;ESP;222;142;2;4
Camille Sireix;FRA;221;143;-2;4
Elena De La Rosa Ramos;ESP;216;144;-3;4
Melissa Martin;FRA;216;144;1;5
Anastasiia Ryzhova;RUS;212;146;0;5
Constança Gorito;POR;211;147;0;5
Ainara Pozuelo Dominguez;ESP;210;148;0;5
Francesca Ligotti;ITA;209;149;0;5
Carmen Castillon Gamez;ESP;207;150;0;5
Maria Delgado Medina;ESP;206;151;0;5
Ivet Val Lopez;ESP;205;152;0;5
Alicia Blanco Rojo;ESP;203;153;0;5
Alexandra Silva;POR;201;154;0;5
Nika Sluzhiteleva;RUS;200;155;0;5
Lorena Alonso De Lera;ESP;198;156;0;5
Renata Martinez Becerra;MEX;198;156;0;5
Luna Di Battista;ITA;195;158;0;5
Kae Tokumoto;JPN;194;159;0;5
Steffi Merah;FRA;193;160;0;5
Alena Vasileva;RUS;189;161;0;5
Nuria Vivancos;ESP;179;162;1;5
Cayetana Sanchez Vera;ESP;179;162;1;5
Marisol Fernandez Garcia;ESP;178;164;2;5
Liza Groenveld;NED;176;165;2;5
Jessica Marie Agra;PHI;174;166;-4;5
Alba Vazquez Gracia;ESP;174;166;-3;5
Tess De Vocht;NED;172;168;1;5
Puck Bernard;NED;168;169;1;5
Daniela Catarino;POR;165;170;1;5
Marie Amelie Dardaine;FRA;163;171;-3;5
Yoshino Kushima;JPN;159;172;1;5
Martina Vera Cebollero;ESP;156;173;1;5
Kotomi Ozawa;JPN;154;174;-3;5
Jimena Diaz De La Iglesia;ESP;153;175;24;5
Saki Tsukamoto;JPN;149;176;-1;5
Natalia Blanco;MEX;147;177;-1;5
Ainhoa Navarro Fernandez;ESP;147;177;-1;5
Claudia Ordoñez Romero;ESP;147;177;-1;5
Mafalda Marques Fernandes;POR;147;177;-1;5
Clara Miret Llorach;ESP;146;181;0;6
Carmen Azcoitia Mazo;ESP;144;182;0;6
Leire Uriarte Medina;ESP;143;183;0;6
Jessica Ginier Barbier;FRA;143;183;0;6
Charlotte Soubrie;FRA;142;185;-9;6
Laura Buteau;FRA;142;185;1;6
Coral Alvarez Castro;ESP;141;187;-4;6
Cristina Cirne;BRA;138;188;0;6
Catalina Arancibia;CHI;138;188;0;6
Claudia Gaspar;POR;138;188;0;6
Lucile Pothier;FRA;138;188;0;6
Kimberley Ahumada Carrasco;CHI;138;188;0;6
Carla Castillo Velarde;ESP;137;193;0;6
Maria Garin;POR;137;193;0;6
Alicia Cañellas;ESP;134;195;0;6
Matilde Minelli;ITA;133;196;0;6
Emma Karen Reyes Baca;MEX;132;197;1;6
Aurora Buscaino;ITA;131;198;1;6
Letizia Dell'Agnese;ITA;131;198;-2;6
Sandra Oliveras Gonzalez;ESP;130;200;1;6
Candela Lucendo Millan;ESP;129;201;-14;6
Teresa Casero De La Casa;ESP;123;202;0;6
Lucia Vicente Mera;ESP;122;203;0;6
Lucia Dionisio Laureano;ESP;119;204;0;6
Maria Rasmussen;DEN;119;204;12;6
Vega Cano Ortin;ESP;119;204;0;6
Laura Virginia Afonso Maas;BRA;118;207;0;6
Luisa Roque De Pinho;POR;118;207;0;6
Justine Pysson;BEL;118;207;0;6
Maria Arteaga Vilches;ESP;117;210;0;6
Camilla Ronchini;ITA;117;210;-6;6
Helena Rousselet Novillo;BRA;116;212;-1;6
Cristina Carrascosa Cazorla;ESP;115;213;25;6
Martina Minetti;FIN;115;213;-1;6
Dilara Torssell;TUR;114;215;-2;6
Jessica Lucinda Palma La Cruz;VEN;113;216;-2;6
Alessandra Abbud De Barros;BRA;112;217;-2;7
Chifumi Sato;JPN;108;218;-1;7
Valentina Tommasi;ITA;107;219;-1;7
Moura Hakim;EGY;107;219;-1;7
Florencia Lucila Berraz Vivas;ARG;106;221;-1;7
Nerea Derbis;ESP;106;221;-1;7
Michela Zaccagnini;ITA;105;223;-1;7
Chiara Giaquinta;ITA;105;223;-1;7
Abigail Tordoff;GBR;103;225;-1;7
Gema Flores Saucedo;ESP;102;226;-1;7
Leyre Montañez Marco;ESP;101;227;-1;7
Patricia Roman Aldea;ESP;101;227;-1;7
Nuria Molina Sanchez;ESP;101;227;-1;7
Laila El Nimr;EGY;101;227;-1;7
Jordana Ailen Lujan Ferreyra;ARG;100;231;-1;7
Narine Sargsyan;ARM;99;232;-1;7
Rodayna Fathy Elsayed;EGY;99;232;-1;7
Gabriela Roux Vidal;CHI;99;232;-1;7
Gianina Minieri;CHI;99;232;-1;7
Elena Martinez Brito;ESP;98;236;-1;7
Rita Vilaça;POR;98;236;-1;7
Carlota Sanchez Gonzalez;ESP;92;238;1;7
Novela Putria;INA;92;238;1;7
Simone Alipieva;DEN;92;238;17;7
Manon Marcarie;FRA;92;238;-1;7
Elisabeth Nogueras Lorenz;ESP;91;242;-1;7
Kimy Barla;FRA;89;243;-2;7
Micaela Para;POR;88;244;-1;7
Amelie Detriviere;FRA;88;244;-1;7
Jessica Para;POR;88;244;-1;7
Giulia Perusso Bettim;BRA;87;247;-1;7
Maria Francisca Santos;POR;86;248;-1;7
Sara Pereira Alvarez;POR;86;248;-1;7
Irene Jimenez;ARG;85;250;1;7
Carolina Petrelli;ITA;85;250;1;7
Daniela Banchero;ARG;85;250;1;7
Maria Martinez Perez;ESP;84;253;2;8
Lou Lambert Agosti;FRA;84;253;-6;8
Carla Medio Boto;ESP;83;255;-4;8
Raquel Almendros Garcia;ESP;83;255;2;8
Dafne Paola Peralta Sanchez;MEX;81;257;1;8
Erika Mesa Martinez;ESP;81;257;-10;8
Daniela Portilla Gomez;ESP;81;257;1;8
Ivana Perches Arredondo;MEX;81;257;1;8
Anna Cortiles;ESP;80;261;0;8
Isadora Siga Nunes;BRA;80;261;0;8
Candela Valverde;ESP;79;263;0;8
Fernanda Abarzua Branchi;BRA;78;264;0;8
Helena Wyckaert;BEL;78;264;0;8
Carina Costa;POR;78;264;0;8
Covadonga Verdejo Saiz;ESP;78;264;0;8
Sofia Pastor Sebastian;ESP;78;264;0;8
Zhai Yu;CHN;77;269;0;8
Fiona Ligi;FRA;76;270;0;8
Maria Castro Quevedo Pereira;POR;75;271;0;8
Maria Jose Montoya;MEX;75;271;0;8
Carmen Villar Gonzalez;ESP;74;273;0;8
Maria Cristina Lopez Fuertes;ESP;74;273;0;8
Ana Elliot garcia-Montaner;ESP;74;273;0;8
Marta Eugenio Barrera;ESP;74;273;0;8
Maria Del Carmen Gallego Castaño;ESP;73;277;0;8
Gabriela Menna Barreto;BRA;72;278;1;8
Hiu Wai Lau;HKG;71;279;1;8
Cristina Gonzalez Cidoncha;ESP;71;279;-2;8
Margarida Guerreiro;POR;71;279;1;8
Maite Cano Pou;ESP;70;282;0;8
Allison Peralta Sanchez;MEX;70;282;0;8
Maria Guimarães Perry Ferreira;POR;70;282;0;8
Susana Martin Marin;ESP;70;282;0;8
Ares Llobera Irun;ESP;70;282;0;8
Angela Lorenzo Martin;ESP;69;287;0;8
Adriana Corona;MEX;69;287;0;8
Giuditta Beltrami;ITA;68;289;0;9
Bojana Jovanovic;SRB;68;289;0;9
Beatriz Ferreira;POR;68;289;0;9
Ainhoa Corrales Fernández;ESP;68;289;0;9
Marianne Vandaele;FRA;66;293;-4;9
Julia Gomes Giusti;BRA;66;293;1;9
Noemi Sermant;BEL;66;293;1;9
Tetyana Dychka;UKR;65;296;0;9
Fatma Al Nabhani;OMA;65;296;0;9
Olena Kyrpot;UKR;65;296;0;9
Mayar Tawfik;EGY;64;299;0;9
Nerea Gomez Blasquez;ESP;63;300;0;9
Elyne Boeykens;BEL;63;300;0;9
Joana Soares;POR;63;300;0;9
Nadia Aida Acuña Lopez;SUI;61;303;-3;9
Alenna Dawn Magpantay;PHI;60;304;0;9
Anna Schmid;AUT;59;305;0;9
Marta Morga Alonso;USA;59;305;0;9
Martina Rivera Serra;ESP;58;307;0;9
Alice Radu;ROU;58;307;0;9
Sayaka Yoshimoto;JPN;58;307;24;9
Nora Leinus;EST;57;310;0;9
Vilena Petrova;RUS;57;310;0;9
Maria Mayoral Estrada;ESP;56;312;-5;9
Babette De Decker;BEL;56;312;0;9
Ekaterina Nikitina;RUS;56;312;0;9
Gitte Haxen;DEN;56;312;0;9
Mar Munera Vila;ESP;55;316;-1;9
Simone Simas;POR;55;316;-1;9
Raquel Segura Aguilar;ESP;55;316;-1;9
Daria Kucheriavaia;RUS;54;319;-1;9
Farida El Halaby;EGY;54;319;-1;9
Alejandra Elizabeth Aguirre Corrales;MEX;53;321;0;9
Sandra Martinez Diaz;ESP;53;321;0;9
Francisca Bragança;POR;53;321;0;9
Julia Isabella Wiese;DEN;53;321;0;9
Martina Mantova;ITA;52;325;0;10
Cristina Rodriguez Enrich;ESP;51;326;0;10
Alanoud Yamani;KSA;51;326;0;10
Nura Padilla Tomasa;ESP;51;326;0;10
Paula Del Rio Del Barrio;ESP;51;326;0;10
Quetzali Dafne Vazquez Montesinos;MEX;51;326;0;10
Alina Yeroshenko;UKR;50;331;0;10
Laura Daniela Arciniegas;COL;50;331;0;10
Baharak Soleymani;SWE;50;331;0;10
Paola Ciabattoni;ITA;50;331;0;10
Hiu Laam Chan;HKG;49;335;1;10
Cassandra Senjean;FRA;49;335;-17;10
Maria Fontes Vaz Ferreira;POR;48;337;1;10
Areej Khalil Fareh;KSA;48;337;1;10
Alexandra Alegre Ferré;ESP;47;339;-3;10
Rune Vierendeels;BEL;46;340;2;10
Sofia Carmo Machado;POR;46;340;2;10
Gaëlle Rey;SUI;46;340;-2;10
Jemilett Cortes Figueroa;MEX;45;343;1;10
Merel Van Houten;NED;45;343;1;10
Maria Vasileidi;GRE;44;345;1;10
Francesca Campigotto;ITA;44;345;1;10
Laura Rijkers;NED;43;347;1;10
Sara Errani;ITA;43;347;-9;10
Fernanda Salazar Morales;MEX;42;349;0;10
Erika Zanchetta;ITA;41;350;0;10
Claudia Esteban Esposito;ESP;41;350;0;10
Karen Micaela Gomez Gonazlez;ESP;41;350;0;10
Roberta Liberti;ITA;41;350;0;10
Nelida Brito;ARG;41;350;0;10
Yixuan Wang;CHN;41;350;0;10
Yusra Mohamed Hegy;EGY;41;350;0;10
Hanna Maddock Gamez;GBR;40;357;0;10
Andrea Lima Ramirez;ESP;40;357;0;10
Maria De La Paz Hermida Vazquez;ESP;40;357;0;10
Lydia Silvan Ramiro;ESP;40;357;0;10
Elena Schiattelli;ITA;39;361;0;11
Flavia Coppola;ITA;39;361;0;11
Ruth Petit Segarra;ESP;39;361;0;11
Lea Jurkovi?;CRO;39;361;0;11
Wing Chun Law;HKG;39;361;0;11
Elisa Guiraud;FRA;39;361;0;11
Christina-Styliani Ntanou;GRE;39;361;0;11
Anna-Blue Houareau;FRA;39;361;0;11
Fiorella Agostina Propato San Martin;ARG;38;369;0;11
Dalal Al Qenaei;KUW;38;369;0;11
Kateryna Yegoreychenko;UKR;38;369;0;11
Valeria Montaño;MEX;38;369;0;11
Sara Garrido Rodríguez;ESP;38;369;0;11
Francesca Candelieri;ITA;37;374;0;11
Yik Yan Law;HKG;36;375;0;11
Laura Jackson;GBR;36;375;0;11
Iris Donate Murcia;ESP;36;375;0;11
Francielle Gaspar;BRA;36;375;0;11
Minghui Wu;CHN;36;375;0;11
Luisa Fernanda De La Peña Rosas;MEX;36;375;0;11
Maria Florencia Ernandorena;ARG;36;375;0;11
Cristina Musial Navarro;ESP;36;375;0;11
Sofía María González Lara;MEX;36;375;0;11
Giulia Cascapera;ITA;35;384;0;11
Tatyana Kutulaeva;UZB;35;384;0;11
Maria Constanza Vega;ARG;35;384;0;11
Greta Mokrousova;RUS;35;384;0;11
Carolina Martinho Santos;POR;35;384;0;11
Zenab Sarkhoo;KUW;35;384;0;11
Paula Hoyos Miranda;ESP;35;384;0;11
Luana Trautwein;BRA;34;391;0;11
Maria Mora Sanz;ESP;34;391;0;11
Rieko Maruyama;JPN;33;393;0;11
Clara Mansart;FRA;33;393;0;11
Catarina Cardoso;POR;33;393;0;11
Paula Canivell Varona;ESP;33;393;0;11
Ines Coelho;POR;33;393;0;12
Maria Do Carmo Ribeiro;POR;33;393;0;12
Anna Tulenkova;RUS;33;393;0;12
Gabriela Andrade;POR;33;393;0;12
Maria Leonor Araujo Teixeira;POR;33;393;0;12
Patricia Martin Ortiz;ESP;32;402;0;12
Raluca Sandu;MON;32;402;0;12
Edanur Sahin;TUR;32;402;0;12
Sandra Gamez;ESP;32;402;0;12
Beatrice Gumulya;INA;32;402;0;12
Noha Amr;EGY;32;402;0;12
Clara Sofia Martins Santos Faria Leite;POR;32;402;0;12
Claudia Di Nicola;ITA;32;402;0;12
Angela Maria Dangond Villamizar;AUS;32;402;79;12
Adolfina Caballero Vico;ESP;31;411;0;12
Anahi Salas Almaraz;MEX;31;411;0;12
Christina Smith;GBR;31;411;0;12
Dalila Elshaer;EGY;31;411;0;12
Yiyun Chai;CHN;31;411;0;12
Debra Fernanda Gonzalez Preciado;MEX;31;411;0;12
Ana Julia Acunha De Oliveira;BRA;31;411;0;12
Diana Toledo Jovani;ESP;31;411;0;12
Alexandra Pils;AUT;31;411;0;12
Tatiana Correa;BRA;30;420;0;12
Maria Azul Llorens Gioda;ARG;30;420;0;12
Ariadna Suárez López;ESP;30;420;0;12
Francesca Ana Floriani;ARG;30;420;0;12
Melissa Rodriguez Mayen;MEX;30;420;0;12
Catarina Castro Vilela;POR;30;420;0;12
Céline François;LUX;30;420;0;12
Hayano Natsuki;JPN;30;420;0;12
Silvia Trassinelli;ITA;30;420;0;12
Gimena Sol Perez;ARG;29;429;0;12
Noemi Bevilacqua;ITA;29;429;0;12
Tessa Nikkelen;NED;29;429;0;12
Ana Fernandez De Osso Fuentes;ESP;29;429;0;12
Araceli Muñoz Sanchez;ESP;29;429;0;13
Daria Ovsiannikova;RUS;29;429;0;13
Ieva Ceilutkaite;LTU;29;429;0;13
Feity Lesmana;INA;29;429;0;13
Nina Duernberger;AUT;29;429;0;13
Silvia Lopez Vidal;ESP;29;429;0;13
Candelaria Sedano Acosta;ESP;29;429;0;13
Aisha Alawadhi;UAE;29;429;0;13
Eloise Tait;GBR;29;429;0;13
Beatriz Gueiral;POR;28;442;0;13
Jennifer Deguigne;FRA;28;442;0;13
Gabriele Strolyt?;LTU;28;442;0;13
Elodie Naegellen;FRA;28;442;0;13
Fiorella Cuccioli;ARG;28;442;0;13
Lorena Marruffo;VEN;28;442;0;13
Maria Magraner;ESP;28;442;0;13
Regina Estrada Dieguez;MEX;28;442;0;13
Martina Correa Rodrigues;BRA;28;442;0;13
Marina Cuadron Florez;ESP;28;442;0;13
Carla Sánchez Nombela;ESP;27;452;0;13
Johanna Hommy Falcon Manrique;ESP;27;452;0;13
Susana Leticia Alcaraz González;MEX;27;452;0;13
Sofia Piaskowy Santos;BRA;27;452;0;13
Sarah De Vleeschouwer;BEL;27;452;0;13
Iman Metwally;EGY;27;452;0;13
Maria Domingues Dos Reis Pascoal;POR;27;452;0;13
Vladyslava Kaplina;UKR;27;452;0;13
Larissa Meyer;SUI;27;452;0;13
Irache Sanchez Castillo;ESP;27;452;0;13
Iryna Shemyakina;UKR;26;462;0;13
Abby Ombler-Truran;GBR;26;462;0;13
Daniela Valiente Escrich;ESP;26;462;0;13
Ana Betina Magalhães Alves De Sousa;POR;26;462;0;13
Maryam Alhashimi;UAE;26;462;0;13
Victoria Fedorova;RUS;26;462;0;13
Emine Kutluca;TUR;26;462;0;13
Pascalle Thenoux;CHI;26;462;73;14
Ana Clara Duffort;BRA;26;462;0;14
Nihal Cetinkaya;TUR;26;462;0;14
Valentina Varazi;ITA;26;462;0;14
Sofia Formigal;POR;26;462;0;14
Jauresse Kouamé;CIV;25;474;-1;14
Siri Dandu;IND;25;474;-1;14
Marta Buendia;ESP;25;474;-1;14
Angela Navarro Garcia;ESP;25;474;-1;14
Sadjo Coulibaly;CIV;25;474;-1;14
Rosa Maria Carrasco Nunez;ESP;25;474;-1;14
Angelina Gordienko;RUS;25;474;-1;14
Padma Veda Manikonda;IND;25;474;-1;14
Alejandra Arcis Flores;ESP;24;482;-1;14
Aukse Maciulaityte;LTU;24;482;-1;14
Paula Bartolome San Valeriano;ESP;24;482;-1;14
Valentina Scaringi;ITA;24;482;-1;14
Elvira Camacho Marente;ESP;24;482;-1;14
Claudia Zufia Laraudogoitia;ESP;24;482;-1;14
Jessy Rompies;INA;24;482;-1;14
Fatma Abbas Janahi;UAE;24;482;-1;14
Alicia Alegre Masnou;ESP;24;482;-1;14
Lisa Andersson;SWE;23;491;0;14
Ana Caballero Vico;ESP;23;491;0;14
Amalia Bentjerodt Burgos;CHI;23;491;0;14
Noelle Nikki Camille Zoleta;PHI;23;491;0;14
Axelle Moens;BEL;23;491;0;14
Olivia Morales Llorente;ESP;23;491;0;14
Nour Faidallah;EGY;23;491;0;14
Filippa Vial;SWE;23;491;0;14
Irina Chernaya;RUS;23;491;0;14
Vittoria Giraldi;ITA;23;491;0;14
Anabela Salas Almaraz;MEX;23;491;0;14
Jana El Khadrawy;EGY;23;491;0;14
Emma Karlsrud;NOR;23;491;0;14
Katharina Hering;GER;22;504;1;14
Estefania Fuentes Szymanski;MEX;22;504;1;15
An-Sophie Mestach;BEL;22;504;1;15
Lena Plümer;GER;22;504;1;15
Diana Silva;POR;22;504;1;15
Maria Torres Montesinos;ESP;22;504;1;15
Reem AlObaidli;BRN;22;504;1;15
Daniela Jurado Cerezo;ESP;22;504;1;15
Aroa Segura Alcover;ESP;22;504;1;15
Maria Martinez Martinez;ESP;22;504;1;15
Camila Acuña;PAR;22;504;1;15
Daniela Rodriguez Borjas Villegas;MEX;22;504;1;15
Chiara Catini;ITA;22;504;1;15
Laura Gamblin;FRA;22;504;1;15
Veronica Cepede Royg;PAR;22;504;1;15
Vlada Kutuzova;RUS;22;504;1;15
Morena Nicole Suarez;ARG;22;504;1;15
Alessia La Monaca;ITA;21;521;2;15
Benedetta Davato;ITA;21;521;2;15
Karen Wachowicz De Oliveira;BRA;21;521;2;15
Huiwen Liu;CHN;21;521;2;15
Maria Carracha;POR;21;521;2;15
Lucrezia Piernera;ITA;21;521;2;15
Turkan Gurgan;TUR;21;521;2;15
Candela De Soroa Jimenez;ESP;21;521;2;15
Aitana Tejedor Garcia Rayo;ESP;21;521;2;15
Elysia Wan;MAS;21;521;154;15
Constanza Sampaio Kokorelis;POR;21;521;-119;15
Maram Mohammed;BRN;21;521;2;15
Nuna Azevedo;POR;21;521;2;15
Vittoria Rotondo;ITA;21;521;2;15
Aurelia Sara Argentieri;ITA;20;535;0;15
Joana Peneda Paiva Cubal De Almeida;POR;20;535;0;15
Noor Hanis Zainul Azizan;MAS;20;535;0;15
Nerea Guerrero Gonzalez;ESP;20;535;0;15
Sara Galvao;POR;20;535;0;15
Ai Liu;CHN;20;535;0;15
Jessica Lucas;PHI;19;541;1;16
Iara Filipa Pereira Rocha;POR;19;541;1;16
Irina Ceresuela;ESP;19;541;1;16
Kenzy Mansour;EGY;19;541;1;16
Mariana Borges Altmayer;BRA;19;541;1;16
Elizabeth Rozin;CAN;19;541;1;16
Olivia Çiftçi;GBR;19;541;1;16
Erika Castillo Lopez;MEX;19;541;1;16
Catarina Campos;POR;19;541;1;16
Alexia Dalley;AUS;19;541;1;16
Mar Burjats Guitart;ESP;19;541;1;16
Marie Lefevre;FRA;19;541;1;16
Lila Humaloja;FIN;19;541;1;16
Paula Gil Aguilar;ESP;19;541;1;16
Sofia Luini;ARG;19;541;1;16
Anna Marya;BRA;18;556;1;16
Alba Adrados Buades;ESP;18;556;1;16
Nereida Quero Jiménez;ESP;18;556;1;16
Egle Petrauskaite;USA;18;556;1;16
Francesca Scrinzi;ITA;18;556;1;16
Milene Cruz;BRA;18;556;1;16
Aki Kitao;JPN;18;556;119;16
Teodora Mirosavljevic;SRB;18;556;1;16
Roberta Giulia Naicu;ROU;18;556;1;16
Sirui He;CHN;18;556;-65;16
Hanna Borjeson;SWE;18;556;1;16
Valeria Canosa Del Valle;ESP;18;556;1;16
Ines Ferreira Cerqueira;POR;18;556;1;16
Marta Suñer Mas;ESP;18;556;1;16
Celia Martin;ESP;18;556;1;16
Avalon Segou Jonker;NED;18;556;1;16
Sofia Victoria Adamowich Lebron;USA;18;556;1;16
Elena Carboni;ITA;18;556;1;16
Jadeleen Lee;MAS;18;556;119;16
Jovana Knezevic;CYP;18;556;1;16
Berta Martinez Barrachina;ESP;18;556;1;16
Lisa Blake;RSA;18;556;1;17
Rio Yamada;JPN;18;556;119;17
Jasmine Dedakia;GBR;18;556;1;17
Jimena Huerta Villegas;MEX;17;580;-3;17
Noemi Ollero Ramirez;ESP;17;580;-3;17
Pamela López Cervantes;MEX;17;580;-3;17
Anouk Faure;SUI;17;580;-3;17
Viktoriya Prudnikova;RUS;16;584;-3;17
Lola Desque;FRA;16;584;-3;17
Ludivine Grondin;FRA;16;584;-3;17
Natalia Rohde;DEN;16;584;-3;17
Ranran Zheng;CHN;16;584;-3;17
Amelia De Parscau;FRA;16;584;-3;17
Giulia Pisano;ITA;16;584;-3;17
Ainhoa Rico Martin;ESP;16;584;-3;17
Claudia Mora Cuart;ESP;16;584;-3;17
Valentine Bousquet;FRA;16;584;-3;17
Lola Tena Ibañez;ESP;16;584;-3;17
Trinidad Del Real Bobadilla;CHI;16;584;-3;17
Anneleen De Cock;BEL;16;584;-3;17
Patricia Manglano Perez;ESP;16;584;-3;17
Nicoline Pihl;DEN;16;584;-3;17
Mayumi Jane Toribio;PHI;16;584;-3;17
Elisa Sararu;ROU;16;584;-3;17
Marina Miguel Chaves;ESP;16;584;-3;17
Ruonan Li;CHN;16;584;-3;17
Venla Andersson;FIN;16;584;-3;17
Emilie Saintot;FRA;16;584;-3;17
Ilenia Monti;ITA;16;584;-3;17
Emma Speziali;ITA;16;584;-3;17
Janice Tilbrook;RSA;16;584;-3;17
Margarida Gaia Braz;POR;16;584;-3;17
Mariluz Rojo Domingo;ESP;16;584;-3;17
Anna Guryanova;ARM;16;584;-3;17
Chun Wing Jennifer Sher;HKG;16;584;-3;17
May Anne Stephanie Dela Torre Raquel;PHI;16;584;-3;17
Sian Payne;GBR;16;584;-3;18
Kimea Darmalingom;FRA;16;584;-3;18
Juliette Mouis;FRA;16;584;-3;18
Antria Tsangaridou;CYP;16;584;-3;18
Benedita Terroso;POR;16;584;-3;18
Dina Aoulad Bouhmama;MAR;16;584;-3;18
Sandrine Leclercq;FRA;16;584;-3;18
Chloe De La Mare;GBR;15;620;-3;18
Karolina Balog;CRO;15;620;-3;18
Aina Valls Izquierdo;ESP;15;620;-3;18
Mara Lemes Lemes;ESP;15;620;-3;18
Alia Taher;UAE;15;620;-3;18
Asia Bicchi;ITA;15;620;-3;18
Isabella Nass;BRA;15;620;-3;18
Merituuli Saarela;FIN;15;620;-3;18
Ariadna Valls Izquierdo;ESP;15;620;-3;18
Ana Belec;SLO;15;620;-3;18
Clara Teresa Siverio Trujillo;ESP;15;620;-3;18
Martina Recuerda Corral;ESP;15;620;-3;18
Yvonne Flynn;IRL;15;620;-3;18
Maria Concepcion Liong;PHI;15;620;-3;18
Shermin Bayazidi;IRI;15;620;-3;18
Luiza Dutra Amador;BRA;15;620;-3;18
Celia Alarcón García;ESP;15;620;-3;18
Helen Crook;GBR;15;620;-3;18
Rosie Quirk;GBR;15;620;-3;18
Steisha Buddhala;IND;14;639;-3;18
Agustina Berenice Giacomin;ARG;14;639;-3;18
Elsa Pellegrinelli;FRA;14;639;-3;18
Macarena Abigail Prieto;ARG;14;639;-3;18
Riviere Anaise;FRA;14;639;-3;18
Sarah Lochrie;GBR;14;639;-3;18
Lena Damergie;CIV;14;639;-3;18
Patricia Aburto;MEX;14;639;-3;18
Sofia Gulnova;RUS;14;639;-3;18
Marie Maligo;BEL;14;639;-3;18
Laura Chavanel;FRA;14;639;-3;19
Jennifer Demsey;USA;14;639;-3;19
Fabiola Polvillo Camarero;ESP;14;639;-3;19
Livia Freitas;BRA;14;639;-3;19
Haruna Okunaga;JPN;14;639;-3;19
Cammy MacGregor;USA;14;639;-3;19
Lana Büttner;GER;14;639;-3;19
Claudia Oses Equiza;ESP;14;639;-3;19
Gwendoline Laurent;SEN;14;639;-3;19
Amarjot Kaur Bundhel;IND;14;639;-3;19
Carole Tirel;FRA;14;639;-3;19
Claudia Manzanares Oton;ESP;14;639;-3;19
Sofia Treviño Garza;MEX;14;639;-3;19
Sara Almanza Martinez;MEX;14;639;-3;19
Ariadna Santana Trujillo;ESP;14;639;-3;19
Flore Poupart;FRA;14;639;-3;19
Laura Solà Grau;ESP;14;639;-3;19
Irene Frances Perez;ESP;14;639;-3;19
Carla Aguila Tello;ESP;14;639;-3;19
Siri Willems;BEL;14;639;-3;19
Michelle Van Mol;BEL;14;639;-3;19
Yoanne Laporte Ravelonarivo;FRA;14;639;-3;19
Judit Orriols Serras;ESP;14;639;-3;19
Mariam Fassahy;LBN;14;639;-3;19
Shona Li Query;;14;639;-3;19
Chiara Messina;FRA;14;639;-3;19
Karine Ghozayel;SEN;14;639;-3;19
Lucie Vichier;FRA;14;639;-3;19
Maria Luz Palmieri;ARG;14;639;-3;19
Caroline Brandão;BRA;13;678;-3;19
Xinyi Zhang;CHN;13;678;-3;19
Medina Muftic;BIH;13;678;-3;19
Wu Wei;CHN;13;678;-3;19
Ma. Clarence Victoria Clemente;PHI;13;678;-3;19
Marina Brandao;BRA;13;678;-3;19
Samantha Martinez;VEN;13;678;-3;19
Liis Org;EST;13;678;-3;20
Gabriela Eufrasio;BRA;13;678;-3;20
Tatyana Chsherbakova;KAZ;13;678;-3;20
Finina Isabel Lava;PHI;13;678;-3;20
Yuliya Hoske;UKR;13;678;-3;20
Marta Ortiz Montoya;ESP;13;678;-3;20
Valentina Fragomeni Bernasconi;BRA;13;678;-3;20
Pia Ana Maria Ugarte garcia-Morera;PHI;13;678;-3;20
Andrea Koch Benvenuto;CHI;13;678;-3;20
Shelli Heathcote;RSA;13;678;-3;20
Dawn Olsen;GBR;13;678;-3;20
Marcela Lopes;BRA;13;678;-3;20
Ji Arunrat Vichithong;THA;13;678;-3;20
Sol Capello;ARG;13;678;-3;20
Alice Keddie;GBR;13;678;-3;20
Daniela Carolina Niella;ARG;13;678;-3;20
Marina Vilariño;ESP;13;678;-3;20
Sara Khonji;BRN;13;678;-3;20
Saana Saarteinen;FIN;13;678;-3;20
Amy Cairns;GBR;13;678;-3;20
Alessa Belbes;PHI;13;678;-3;20
Mariya Sinitsyna;KAZ;13;678;-3;20
Catarina Almeida;POR;13;678;-3;20
Maria Sysoeva;RUS;13;678;-3;20
Alise Cernecka;LAT;13;678;-3;20
Dorothy Van Miert;PHI;13;678;-3;20
Laila Nassar;EGY;13;678;-3;20
Maria Teeriaho;FIN;13;678;-3;20
Ainhoa Santin;ESP;13;678;-3;20
Sophia Horne Bang;DEN;13;678;-3;20
Maria Belen Mosca;ARG;13;678;-3;20
Rebeca Allen;ARG;13;678;-3;20
Kristina Vasina;BLR;13;678;-3;20
Marta Caballero Garcia;ESP;13;678;-3;20
Sara Dina;ITA;13;678;-3;20
Natalia Soledad Martinena;ARG;13;678;-3;20
Alicia Keppenne;BEL;11;721;1;21
Manoela Duarte;BRA;11;721;1;21
Vladyslava Zanosiienko;UKR;11;721;1;21
Jessica Isabelle Brycki;AUS;11;721;290;21
Flavia Macedo;POR;11;721;1;21
Felicitas Darboure;ARG;11;721;1;21
Natalia Oxley Da Rosa;BRA;11;721;1;21
Eman Hameed Alzaimoor;BRN;11;721;1;21
Frida Torres;PHI;11;721;1;21
Aisha Shahdoor;UAE;11;721;1;21
Lorena Maddonni Gallardo;ESP;11;721;1;21
Willeke Pas;BEL;11;721;1;21
Luna Di Noto Fernandez;ESP;11;721;1;21
Kyra Heemskerk;NED;11;721;1;21
Karin Marlies Lems;NED;11;721;1;21
Evelyn Van Puyvelde;BEL;11;721;1;21
Lucy Jones;GBR;11;721;1;21
Ksenia Danko;RUS;11;721;1;21
Renata Silva;POR;11;721;1;21
Paula Torres Fluxà;ESP;11;721;1;21
Fatma Hassan;UAE;11;721;1;21
Teresa Romero Yela;ESP;11;721;1;21
Irene Nieves Lopez;ESP;11;721;1;21
Latifa Suhail;UAE;11;721;1;21
Eva Jimenez De La Plata Vargas;ESP;11;721;1;21
Muneera Aldoseri;BRN;11;721;1;21
Rita Baptista;POR;11;721;1;21
Huda Ali;BRN;11;721;1;21
Maria De Los Angeles Kilca Rojas;ARG;11;721;1;21
Fatema Alasoomi;BRN;10;750;2;21
Chiara Petrazzuolo;ITA;10;750;2;21
Hedda Fritzell;SWE;10;750;2;21
Gabriela Carolina Coglitore;ITA;10;750;2;21
Andrea Medina Tomas;ESP;10;750;2;21
Satu Salonen;FIN;10;750;2;21
Deborah Alquier;FRA;10;750;2;21
Bruna Brayer Silva;BRA;10;750;2;22
Naomi Vullers;NED;10;750;2;22
Nanou Vereertbrugghen;BEL;10;750;2;22
Marietta Regina Antonieta Toribio;PHI;10;750;2;22
Iah Isobel Macazo;PHI;10;750;2;22
Sini Jokinen;FIN;10;750;2;22
Susie Azoulay;GBR;10;750;2;22
Ruth Gonzalez Martinez;ESP;10;750;2;22
Anastasia Ivanova;KAZ;10;750;2;22
Micaela Moroni;ITA;10;750;2;22
Andrea Batlle Achando;POR;10;750;2;22
Noelia Suarez Perez;ARG;10;750;2;22
Jana Mahdy;EGY;10;750;2;22
Adriana Matoses Dogaru;ESP;10;750;2;22
Carmen Ibañez Diaz;ESP;10;750;2;22
Maria Paula Amoreo;ARG;10;750;2;22
Aigerim Suleimen;KAZ;10;750;2;22
Deborah Cruciani;ITA;10;750;2;22
Maria Eliza Margarita Camacho;PHI;10;750;2;22
Selima Fendri;TUN;10;750;2;22
Anne Sophie Tavan;FRA;10;750;2;22
Michelle Perez;ESP;10;750;2;22
Beatrice Varini;ITA;10;750;2;22
Marija Mirosavljevic;SRB;10;750;2;22
Signe Horenius;SWE;10;750;2;22
Bruna Dos Santos;BRA;10;750;2;22
Fatima Saeed;BRN;10;750;2;22
Ainhoa Garcia Yepes;ESP;10;750;2;22
Ella Mae Navarro;PHI;10;750;2;22
Anna Peres;ITA;10;750;2;22
Lolita Vakhrusheva;KAZ;10;750;2;22
Noelia Lorenzo;ESP;10;750;2;22
Nada Majdoubi;FRA;10;750;2;22
Carla Pozuelo Salamanca;ESP;9;790;2;22
Fabiana Magalhães Gomes Da Costa Caldas;POR;9;790;2;22
Amaia Arteta;ESP;9;790;2;22
Lucia Fernandez;ESP;9;790;2;23
Annika Sillanpää;FIN;9;790;2;23
Ingrid Salgado Morante;MEX;9;790;2;23
Layla Marco Lasala;ESP;9;790;2;23
Laura Hernández Crisantes;MEX;9;790;2;23
Dido Blonk;NED;9;790;2;23
Fernanda Guillén Aguilar;MEX;9;790;2;23
Alexia Sosa Gonzalez;MEX;9;790;2;23
Suheil Lizana;FIN;9;790;2;23
Elena Boix Gonzalez;ESP;9;790;2;23
Crystal Leung;USA;8;803;2;23
Boyer Ophelie;FRA;8;803;2;23
Linn Poels;BEL;8;803;2;23
Nina Lammens;BEL;8;803;2;23
Hafsah Sani;USA;8;803;2;23
Vidhyani Jadala;IND;8;803;2;23
Maryam Isa;BRN;8;803;2;23
Zoe Andersson;SWE;8;803;2;23
Gabrielle Paul;GBR;8;803;2;23
Tea Jezidzic;CRO;8;803;2;23
Alicja Domagalska;POL;8;803;2;23
Maria Catalina Tenorio Cauvet;ESP;8;803;2;23
Afaf Byad;LBN;8;803;2;23
Laura Battistini;ITA;8;803;2;23
Capucine Rochet;FRA;8;803;2;23
Jaqueline Rocio Soto;ARG;8;803;2;23
Elena Dudina;RUS;8;803;2;23
Victoria Cabrera Goterris;ESP;8;803;2;23
Zena Chhatwal;IND;8;803;2;23
Pamela Sannazzaro;CHI;8;803;2;23
Chenxi Sun;CHN;8;803;2;23
Carmen Maria Sos;ESP;8;803;2;23
Monika Veron Juan;PHI;8;803;2;23
Candela Tores Garcia;ESP;8;803;2;23
Tea Lovrekovi?;CRO;8;803;2;23
Maria Soledad Mosca;CHI;8;803;2;23
Leonie Geukens;BEL;8;803;2;24
Clémentine Guerin Dubourg;FRA;8;803;2;24
Alica Repcikova;SVK;8;803;2;24
Maiko Kutsuna;JPN;8;803;2;24
Maryam Alammadi;BRN;8;803;2;24
Victoria Milena Vilchez;ARG;8;803;2;24
Federica Bernardini;ITA;8;803;2;24
Wendy Hunt;GBR;8;803;2;24
Lucia Escalante Diz;MEX;8;803;2;24
Claudette Gilhespie;GBR;8;803;2;24
Elizaveta Dvoeglazova;RUS;8;803;2;24
Chloe Rochet;FRA;8;803;2;24
Maria Mizzi Rama;ESP;8;803;2;24
Alba Izquierdo Rodriguez;ESP;8;803;2;24
Marie Glandus;FRA;8;803;2;24
Isabel Rapisarda Calvo;ESP;8;803;2;24
Maria Lopez;ESP;8;803;2;24
Huan Liu;CHN;8;803;2;24
Xianqian Fan;CHN;8;803;2;24
Joelle Schad;DOM;8;803;2;24
Astrid Gehre;PAR;8;803;2;24
Flora Carrella;ITA;8;803;2;24
Ferdaous Bahri;TUN;8;803;2;24
Kerry White;GBR;8;803;2;24
Melina Bois;ARG;8;803;2;24
Camille Dejonghe;BEL;8;803;2;24
Romina Melonaro;ITA;8;803;2;24
Vaibhavi Deshmukh;IND;8;803;2;24
Emma Pallas;ESP;8;803;2;24
Nanette Nylund;FIN;8;803;2;24
Serena Tu;TPE;8;803;2;24
Malak Amer;EGY;8;803;0;24
Ana Sofia Gonçalves;POR;8;803;2;24
Elpida Malamou;GRE;8;803;2;24
Frederique Maillot;FRA;8;803;2;24
Giulia Pasini;ITA;8;803;2;24
Khadeejah Sani;USA;8;803;2;25
Antonette Andersson;SWE;8;803;2;25
Farah Mzid;TUN;8;803;2;25
Laura Higueras;ESP;8;803;2;25
Alicia Piqueras;FRA;8;803;2;25
Sarah Sayegh;CIV;8;803;2;25
Ni Nyoman Sri Maryati Sri Maryati;INA;8;803;2;25
Yuliya Yankavets;BLR;8;803;2;25
Anna Christine Patrimonio;PHI;8;803;2;25
Nayla Agameya;EGY;8;803;2;25
Martine Imary;FRA;8;803;2;25
Zoljargal Neumann;GER;8;803;2;25
Valeria Soledad Zoya;ARG;8;803;2;25
Valentina Aimone;ITA;8;803;2;25
Ni Putu Armini;INA;8;803;2;25
Evelyne Dom;BEL;8;803;2;25
Mariam Akkouch;LBN;8;803;2;25
Anca Anastasiu;USA;8;803;2;25
Aurora Paz Candia Gonzalez;CHI;8;803;2;25
Wanda Henriette Antonia Håbrekke;NOR;8;803;2;25
Lisa-Marie Peleska;AUT;8;803;2;25
Romane Haddad;SEN;8;803;2;25
Alba Tejera Dominguez;ESP;8;803;2;25
Mayra Mega;URU;8;803;2;25
Isabel Dominguez Munaiz;ESP;8;803;2;25
Carla Hernandez Borrego;ESP;8;803;2;25
Vinoothna Jadala;IND;8;803;2;25
Bego Benjumeda Navas;ESP;8;803;2;25
Paloma Cortina;USA;8;803;2;25
Nina Pudar;NOR;8;803;2;25
Oriana Sofia Medina;ARG;8;803;2;25
Paula Duro Garcia;ESP;8;803;2;25
Jana Bonnarens;BEL;8;803;2;25
Wang Ying;CHN;8;803;2;25
Caroline Hitimana;BEL;8;803;2;25
Zahraa Akrah;LBN;8;803;2;25
Ni Xiong;CHN;8;803;2;26
Ana Loaiza;MEX;8;803;2;26
Nicole Borzecka;POL;8;803;2;26
Lavinia Mathys;SUI;8;803;2;26
Vandana Narayan;USA;8;803;2;26
Annie Frida Arenas Mondragón;MEX;8;803;2;26
Alicia Lopez Arias De Saavedra;ESP;8;803;2;26
Anamaria Bodescu;ROU;8;803;2;26
Fayza Hojeij;CIV;8;803;2;26
Patricia Pinilla Torres;ESP;8;803;2;26
Maria Arribas Ballesteros;ESP;8;803;2;26
Teliana Pereira;BRA;8;803;2;26
Sandra Bolstad;NOR;8;803;2;26
Hana Elshalkany;EGY;8;803;2;26
Hayley Halsall-Randall;GBR;8;803;2;26
Liyun Jia;CHN;8;803;2;26
Amiina Bakunowicz;GBR;8;803;2;26
Celia Aboukhalil;SEN;8;803;2;26
Ma. Elmira Pagot;PHI;8;803;2;26
Melina Fawaz;SEN;8;803;2;26
Cristina Rayo Cardenas;ESP;8;803;2;26
Cornelia Lister;SWE;8;803;2;26
Lynn Vanhoof;BEL;8;803;2;26
Iunona Rozhdestvenskaia;RUS;8;803;2;26
Carla Vasquez Bocetti;ARG;8;803;2;26
Karine Ananie;FRA;8;803;2;26
Melati Anhar;INA;8;803;2;26
Giulia Bortolin;ITA;8;803;2;26
Yaiza Gallego Martinez;ESP;8;803;2;26
Cristina Aiello;ROU;8;803;2;26
Zahraa Byad;LBN;8;803;2;26
Sandy Gumulya;INA;8;803;2;26
Laura Navarro Garcia;ESP;8;803;2;26
Ella Sillanpää;FIN;8;803;2;26
Shooq Ali Ahmed Mohamed Alaseeri;BRN;8;803;2;26
Maria Fernanda Espinosa Gonzalez;MEX;8;803;2;26
Aurora Tasca;ITA;8;803;2;27
Bella Genkina;USA;8;803;2;27
Isabelle Bourdenet;FRA;8;803;2;27
Marta Porras Sanchez;ESP;8;803;2;27
Valentina Mago;ITA;8;803;2;27
Tessa Van Puyvelde;BEL;8;803;2;27
Alba Eunice Gauna Badaro;ARG;8;803;2;27
Chandra Pamela Capozzi;USA;8;803;2;27
Imane Omais;CIV;8;803;2;27
Ghaida Jeribi;TUN;8;803;2;27
Stephanie Collado;FRA;8;803;2;27
Nafees Bano Syed;IND;8;803;2;27
Amanda Gabrielle Zoleta;PHI;8;803;2;27
Cyrine Hamrouni;FRA;8;803;2;27
Bao Chun;CHN;8;803;2;27
Esperanza Lamatta Vidal;CHI;8;803;2;27
Eva Michelle Brito Peña;DOM;8;803;2;27
Giorgia Venzi;ITA;8;803;2;27
Angela Wood;GBR;8;803;2;27
Paulina Luquín Chavoya;MEX;8;803;2;27
Alma Sofia Cordoba;ARG;8;803;2;27
Claire Manolou;GRE;8;803;2;27
Flaminia Olmo;ITA;8;803;2;27
Giulia Porzio;ITA;8;803;2;27
Michelle Skov Jensen;DEN;8;803;2;27
Lara Salloub;LBN;8;803;2;27
Celia Marin Rios;ESP;8;803;2;27
Araya Suksomrup;THA;8;803;2;27
Selin Devrimci;NOR;8;803;2;27
Dong Xue Pang;CHN;8;803;2;27
Fadona Kusuma;INA;8;803;2;27
Mie Skov;DEN;8;803;2;27
Guixue Li;CHN;8;803;2;27
Ophelie Michel;FRA;8;803;2;27
Maria Joao Fernandes;POR;8;803;2;27
Nicole Ictech;HON;8;803;2;27
Sophie Cousins;GBR;8;803;2;28
Natalia Rodriguez Laudelino;ESP;8;803;2;28
Marcielle Resurreccion;PHI;8;803;2;28
M Del Carmen Perez Alindado;ESP;8;803;2;28
Louise Seret;BEL;8;803;2;28
Paula Toscas Cruz;ESP;8;803;2;28
Yueyue Yang;CHN;8;803;2;28
Natalia Reynoso Frigolet;MEX;8;803;2;28
Martina Hossen;BRA;8;803;2;28
Camila Belassi;URU;8;803;2;28
Rita Cura Machado Alves De Jesus;POR;7;983;2;28
Ivana Vojvodic;SRB;7;983;2;28
Victoria Davies;GBR;7;983;2;28
Patricia Amador Fleitas;ESP;7;983;2;28
Natalia Cespedes Garcia;ESP;6;987;2;28
Sara Gutierrez Ruiz;ESP;6;987;2;28
Elizabeth Mandujano;MEX;6;987;2;28
Bashayer Alnaqeeb;BRN;6;987;2;28
Eva Vazquez Gracia;ESP;6;987;2;28
Noah Oostveen;NED;6;987;2;28
Milka Pasanen;FIN;6;987;2;28
Irene Gomez Gomez;ESP;6;987;2;28
Adriana Lopez Lesende;ESP;6;987;2;28
Nerea Herrero Perez;ESP;6;987;2;28
Sofia Klimenko;RUS;6;987;2;28
Beatriz Rodriguez Perez;ESP;6;987;2;28
Virve Visakivi-Laine;FIN;6;987;2;28
Laura Dalmau Moreno;ESP;6;987;2;28
Alba Payeras Soler;ESP;6;987;2;28
Carlota Leandres Rovira;ESP;6;987;2;28
Pilar Escarti Martínez;ESP;6;987;2;28
Erika Buntiene;LTU;6;987;2;28
Outi Helminen;FIN;6;987;2;28
Mireia Carrasco Miñana;ESP;6;987;2;28
Maria Repullo Sala;ESP;6;987;2;28
Rasa Butrimaite;LTU;6;987;2;28
Johnne Paula Benitez;PHI;5;1009;2;29
Princess Jean Naquila;PHI;5;1009;2;29
Leah Casañares;PHI;5;1009;2;29
Mai Elbanna;EGY;5;1009;2;29
Lucia Hernández Cobos;ESP;5;1009;2;29
Masumi Kato;JPN;5;1009;2;29
Michele Potter Dos Santos;BRA;5;1009;2;29
Melissa Tan;MAS;5;1009;2;29
Natalija Tumsevica- gregoriu;LAT;5;1009;2;29
Yekaterina Gurova;KAZ;5;1009;2;29
Lumeng Wang;CHN;5;1009;2;29
Emma Biagianti;ITA;5;1009;2;29
Natasa Koraca;CRO;5;1009;2;29
Inês Alexandra Abalada Do Val Bento;POR;5;1009;2;29
Llum Martorell Gruwez;ESP;5;1009;2;29
Nency Giraud;;5;1009;2;29
Saranya Wongsajan;THA;5;1009;2;29
Gaelle Gautier;FRA;5;1009;2;29
Florije Bergene;NOR;5;1009;2;29
Alexandra Isabel Suarez;PHI;5;1009;2;29
Celina Ermann;GER;5;1009;2;29
Marilena Christoforou;GBR;5;1009;2;29
Carmen Vega Listan;ESP;5;1009;2;29
Anna Wall;FIN;5;1009;2;29
Ophelie Lefebvre;FRA;5;1009;2;29
Laura Raya Capitan;ESP;5;1009;2;29
Alexia Carlone;ITA;5;1009;2;29
Khatia Gogaladze;GEO;5;1009;2;29
Rachael Goh;MAS;5;1009;2;29
Jimena Suarez Garcia;ESP;5;1009;2;29
Leire Flores Santana;ESP;5;1009;2;29
Joanne Ward;GBR;5;1009;2;29
Laurine Bergaud;FRA;5;1009;2;29
Iciar Gomez De Segura De Luis;ESP;5;1009;2;29
Aimy Cassam Chenai;FRA;5;1009;2;29
Louise Adrina;INA;5;1009;2;29
Carmen Rocio Diaz Vargas;ESP;5;1009;2;30
Diana Ismailova;KAZ;5;1009;2;30
Maria Afonso Meneses;ESP;5;1009;2;30
Francisca Danae Lopez Escobar;IRL;5;1009;2;30
Ana Paula Ambrozio Becerra;BRA;5;1009;2;30
Johanne Granger;FRA;5;1009;2;30
Aikaterini Stavroulaki;GRE;5;1009;2;30
Reinata Agnes Sidik;INA;5;1009;2;30
Agostina Dalmonego;ARG;5;1009;2;30
Irene Avalle;ITA;5;1009;2;30
Maíra Gonçalves;BRA;5;1009;2;30
Gloria Maria Garcia Vacas;ESP;5;1009;2;30
Cristiana Carvalho Telles Ferreira;BRA;5;1009;2;30
Nerea Uclés Aceituno;ESP;5;1009;2;30
Mariam Alsultan;QAT;5;1009;2;30
Fiija Ketonen;FIN;5;1009;2;30
Pepita Stonor;AUS;5;1009;-287;30
Kanokwan Delelis;THA;5;1009;2;30
Jemma Peterswald;AUS;5;1009;378;30
Valentina Osorio Vallana;CHI;5;1009;2;30
Bianca Ferretti;ITA;5;1009;0;30
Lili Ana Maldonado;ESP;5;1009;2;30
Julie Razafindranaly;FRA;5;1009;2;30
Elizabeta Tomic;CRO;5;1009;2;30
Czarina Howells;AUS;5;1009;0;30
Nathalia Bedin;BRA;5;1009;2;30
Emma Eerola;FIN;5;1009;2;30
Regina Kalimullina;RUS;5;1009;2;30
Yingying Huang;CHN;5;1009;2;30
Alicia Hazzard;GBR;5;1009;2;30
Sarah Riise;NOR;5;1009;2;30
Lucie Rey;SUI;5;1009;2;30
Beatriz Koerich;BRA;5;1009;2;30
Silvana Campus;ARG;5;1009;2;30
Janine Koleta;SLO;5;1009;2;30
Yasuko Inaoka;JPN;5;1009;2;30
Laura Domínguez Moya;ESP;5;1009;2;31
Luciana Ingaramo;ARG;5;1009;2;31
Romina Belda;ESP;5;1009;2;31
Daisi Oliveira Da Cunha;BRA;5;1009;2;31
Yanyan Xia;CHN;5;1009;2;31
Shanyu Jin;CHN;5;1009;2;31
Margherita Gentile;ITA;5;1009;2;31
Jo Waugh;GBR;5;1009;0;31
Peach Lucienne Orbe;PHI;5;1009;2;31
Milla Blaschke;GER;5;1009;2;31
Gabriella Bongiovanni;AUS;5;1009;0;31
Diyana Miteva;BUL;5;1009;2;31
Marina Ezzedine;SEN;5;1009;2;31
Eliza Bosson;SWE;5;1009;2;31
Delphine Francoise;FRA;5;1009;2;31
Maria Perez Gavino;IRL;5;1009;2;31
Charlotte Atkinson;GBR;5;1009;2;31
Matilde Laura;ITA;5;1009;2;31
Renata Escobar;ARG;5;1009;2;31
Amy Flynn;IRL;5;1009;2;31
Nadya Syarifah;INA;5;1009;2;31
Alexandra Fouquet;FRA;5;1009;2;31
Julia Gallifa Beltri;ESP;5;1009;2;31
Elisa Leona Benitez;PHI;5;1009;2;31
Daniela Chagay Leiva;CHI;5;1009;2;31
Laura Gomez Pando;ESP;5;1009;2;31
Catalina Isaza Brockland;COL;5;1009;2;31
Emilia Feodorovici;ROU;5;1009;2;31
Aspasia Kroustalaki;GRE;5;1009;2;31
Linlin Zhao;CHN;5;1009;2;31
Taly Merker;ECU;5;1009;2;31
Fatima Awad;EGY;5;1009;2;31
Noriko Toda;JPN;5;1009;2;31
Gema Calvo Perez;ESP;5;1009;2;31
Kelly Yamamoto;USA;5;1009;2;31
Ana Renda;AUS;5;1009;378;31
Macarena Lobo Ramirez;CHI;5;1009;2;32
Jennifer Denécheau;FRA;5;1009;2;32
Camila De Santana;NOR;5;1009;2;32
Agostina Szyller;ARG;5;1009;2;32
Cecilie Li Hansen;NOR;5;1009;2;32
Maria Siopacha;CYP;5;1009;2;32
Nathalie Delaplace Grosset;FRA;5;1009;2;32
Angela Caro Cantin;ESP;5;1009;2;32
Maria Zurita Porras;ESP;5;1009;2;32
Elizabeth Hernandez Silva;MEX;5;1009;2;32
Laura Moreno Amor;ESP;5;1009;2;32
Alise Vaidere;LAT;5;1009;2;32
Milena Poffo Messas;BRA;5;1009;2;32
Anna Zuka;IRL;5;1009;2;32
Bogdan Elena;ROU;5;1009;2;32
Fuman Xie;CHN;5;1009;2;32
Gara Santana Gazol;ESP;5;1009;2;32
Mariam Takniashvili;GEO;5;1009;2;32
Julia Adrados Buades;ESP;5;1009;2;32
Chutima Chitpitak;THA;5;1009;2;32
Elisa Mosos;AUS;5;1009;0;32
Michelle Paz Coccio;CHI;5;1009;2;32
Paula Fernandez Guzman;ESP;5;1009;2;32
Mia Lopez;ARG;5;1009;2;32
Maria Teresa Soto Arroyo;ESP;5;1009;2;32
Irene Hervas Jimenez De Cisneros;ESP;5;1009;2;32
Nthabeleng Mokalodise;RSA;5;1009;2;32
Tara Jerika Cabullo;PHI;5;1009;2;32
Martina Klimic;CRO;5;1009;2;32
Samira Biyabani Zonouz;IRI;5;1009;2;32
Sara Lopez Viejo;ESP;5;1009;2;32
Urara Chihara;JPN;5;1009;2;32
Yasmine Hojeij;CIV;5;1009;2;32
Valeria Andrea Rothe;VEN;5;1009;2;32
Jessica Tran;AUS;5;1009;0;32
Juli Sarkar;JPN;5;1009;2;32
Karine Duclos;FRA;5;1009;2;33
Monica Andrea Barruffaldi;ARG;5;1009;2;33
Luz Maria Diaz Lopez;ESP;5;1009;2;33
Elena Draghicchio;ITA;5;1009;2;33
Alba Bruna Corrales;ESP;5;1009;2;33
Frederique Lagarde;FRA;5;1009;2;33
Lingxiu Xu;CHN;5;1009;2;33
Sonja Balic;AUS;5;1009;0;33
Anastasia Anufrieva;RUS;5;1009;2;33
Antonia Gonçalves;BRA;5;1009;2;33
Mei Ling Young;MAS;5;1009;2;33
Casty Manon;FRA;5;1009;2;33
Karina Dimova;BUL;5;1009;2;33
Ilena Matricardi;ITA;5;1009;2;33
Diletta Mancinelli;ITA;5;1009;2;33
Antonella Sol D'Angelo;ARG;5;1009;2;33
Claudia Fraile;ESP;5;1009;2;33
Rebeka Kalnozola;LAT;5;1009;2;33
Liza Tsotsoria;GEO;5;1009;2;33
Matilda Vainio;FIN;5;1009;2;33
Marsa Laukkoski;FIN;5;1009;2;33
Susan Mc Rann;IRL;5;1009;2;33
Katie Nolan;IRL;5;1009;2;33
Elsa Blom;SWE;5;1009;2;33
Martina Pugliesi;ITA;5;1009;2;33
Alexandra Rodicheva;KAZ;5;1009;2;33
Nattiya Hothong;THA;5;1009;2;33
Valeriia Bragina;RUS;5;1009;2;33
Roxanna Agdas Keshavarz;GBR;5;1009;2;33
Abrar Nema;BRN;5;1009;2;33
Macarena Gomez;ARG;5;1009;2;33
Noelle Conchita Corazon Manalac;PHI;5;1009;2;33
Fatima Ezzeddine;LBN;5;1009;2;33
Lea Subotic;CRO;5;1009;2;33
Yiwen Zhang;CHN;5;1009;2;33
Antonella Cavicchi;ITA;5;1009;2;33
Julie Masson;FRA;5;1009;2;34
Mariana Lavieri Silva;BRA;5;1009;2;34
Birte Svenssen;NOR;5;1009;2;34
Hana Youssef;EGY;5;1009;2;34
Victoria Isaac;FRA;5;1009;2;34
Lena Savva;CYP;5;1009;2;34
Fuka Matsumoto;JPN;5;1009;2;34
Wiktoria Rychlik;POL;5;1009;2;34
Hanni Sonkeri;FIN;5;1009;2;34
Bozhena Berezhniak;UKR;5;1009;2;34
Chinatsu Sawada;JPN;5;1009;2;34
Leah Wong;CAN;5;1009;2;34
Gracia Radovanovic;SRB;5;1009;2;34
Livane Jouanlanne;FRA;5;1009;2;34
Layan Najaf;BRN;5;1009;2;34
Aina Maria Rotger Martorell;ESP;5;1009;2;34
Gema Macias Trujillano;ESP;5;1009;2;34
Asta Renemark;SWE;5;1009;2;34
Anna Kurkul;IRL;5;1009;2;34
Kieatsupa Tupanan;THA;5;1009;2;34
Ruixu Yang;CHN;5;1009;2;34
Adriana Fugulin;ROU;5;1009;2;34
Magdalini Adamopoulou;GRE;5;1009;2;34
Piia Andsten;FIN;5;1009;2;34
Farida Mohamed Ibrahim;EGY;5;1009;2;34
Stephanie Anne;FRA;5;1009;2;34
Jihane Assaf;CIV;5;1009;2;34
Emilie Gullachsen;NOR;5;1009;2;34
Marianne Robert Merrien;FRA;5;1009;2;34
Yue Pan;CHN;5;1009;2;34
Valentina Castro Diaz;CHI;5;1009;2;34
Rubinia Antognoni;ITA;5;1009;2;34
Maria Vargas;ARG;5;1009;2;34
Juni Sjöland;SWE;5;1009;2;34
Florencia Seguel Bas;CHI;5;1009;2;34
Megan Ward;GBR;5;1009;2;34
Elodie Lorion;FRA;5;1009;2;35
Ana Renata Ursu;ROU;5;1009;2;35
Brit Storhaug;NOR;5;1009;2;35
Yilin Chen;CHN;5;1009;2;35
Haruna Misago;JPN;5;1009;2;35
Nagiho Nakamura;JPN;5;1009;2;35
Dalal Malalla;BRN;5;1009;2;35
De Lavergne Lia;;5;1009;2;35
Danning Liu;CHN;5;1009;2;35
Celia Barthelemy;FRA;5;1009;2;35
Elena Alacot Martinez;ESP;5;1009;2;35
Lulia Vodislav;ROU;5;1009;2;35
Aina Etxebarria;ESP;5;1009;2;35
Giulia Conte;ITA;5;1009;2;35
Olga Cosic;MDA;5;1009;2;35
Emma Louise Windekilde Tranberg;DEN;5;1009;2;35
Katja Hrka?;CRO;5;1009;2;35
Geraldine Guilbon;;5;1009;2;35
Tenielle Dunstall;AUS;5;1009;2;35
Daria Makhortova;MDA;5;1009;2;35
Denise Negro;ITA;5;1009;2;35
Mika Ogawa;JPN;5;1009;2;35
Dana Al Mudahka;QAT;5;1009;2;35
Carola Gonzalez-King garibotti;ESP;5;1009;2;35
Katrina Louise Santos;PHI;5;1009;2;35
Patricia Manin;FRA;5;1009;2;35
Dufau Lauriane;FRA;5;1009;2;35
Albina Matveyeva;KAZ;5;1009;2;35
Sille Tranberg;DEN;5;1009;2;35
Lucia Rosa Vadillo;ESP;5;1009;2;35
Emilie Olsen;NOR;5;1009;2;35
Paloma Sillero Carrillo;ESP;5;1009;2;35
Isabelle Garsault;FRA;5;1009;2;35
Adriana Barbic;CRO;5;1009;2;35
Voni Darlina;INA;5;1009;2;35
Fei Meiling;CHN;5;1009;2;35
Xinyi Xu;CHN;5;1009;2;36
Carmen Miguel;ESP;5;1009;2;36
Alsu Samigullina;RUS;5;1009;2;36
Marianna Tsakkistou;CYP;5;1009;2;36
Julianne Klaussen;NOR;5;1009;2;36
Marija Lunova;SRB;5;1009;2;36
Tatiana Sahagoff;BRA;5;1009;2;36
Maja Aberg;SWE;5;1009;2;36
Leiza Brabo;ARG;5;1009;2;36
Janna Tanskanen;FIN;5;1009;2;36
Oleksandra Mozharovska;UKR;5;1009;2;36
Claudia Francisca Araneda Curtze;CHI;5;1009;2;36
Alisa Reznichenko;UKR;5;1009;2;36
Sofia Lozano;ARG;5;1009;2;36
Maria Almagro Lara;ESP;5;1009;2;36
April Salandanan;PHI;5;1009;2;36
Anete Zabere;LAT;5;1009;2;36
Dieuwertje Van Dijk;NED;5;1009;2;36
Zaineh Abed Alhameed;UAE;5;1009;2;36
Brule Lylou;BEL;3;1280;1;36
Daira Valle Luque;ESP;3;1280;1;36
Laura Quintana;ESP;3;1280;1;36
Kiyoka Murakami;JPN;3;1280;1;36
Aysha Yateem;UAE;3;1280;1;36
Judit Mas Bassas;ESP;3;1280;1;36
Jonice Pangilinan;PHI;3;1280;1;36
Jo Weisen;LUX;3;1280;1;36
Moya Ryan;IRL;3;1280;1;36
Maryam Alaali;BRN;3;1280;1;36
Sonia Smith;GBR;3;1280;1;36
Almaha Alhajri;QAT;3;1280;1;36
Paula Gregorio Lopez;ESP;3;1280;1;36
Muneerah Alyahya;KUW;3;1280;1;36
Mizuki Takita;JPN;3;1280;1;36
Daniela Tomas Cerezo;ESP;3;1280;1;36
Catarina Zheng;POR;3;1280;1;36
Claudia Raya Capitan;ESP;3;1280;1;37
Aleksandra Rosolska;POL;3;1280;1;37
Lucia Benitez Garcia;ESP;3;1280;1;37
Heta Heinamaki;FIN;3;1280;1;37
Raya Uzunova;GBR;3;1280;1;37
Sofía Hernández;ESP;3;1280;1;37
Clare Clarke;GBR;3;1280;1;37
Theofaneia Katsiki;GRE;3;1280;1;37
Eliza Skil;LTU;3;1280;1;37
Michaella Krajicek;NED;3;1280;1;37
Anna Pribylova;RUS;3;1280;1;37
Leyre Ballestero Berbegal;ESP;3;1280;1;37
Mariella Minetti;FIN;3;1280;1;37
Mari Forsell;THA;3;1280;1;37
Carla Carrasco Miñana;ESP;3;1280;1;37
Kristin Price;GBR;3;1280;1;37
Selinay Topal;TUR;3;1280;1;37
Hessa Alnaama;QAT;3;1280;1;37
Icah Silvestre;PHI;3;1280;1;37
Zofia Piorkowska;POL;3;1280;1;37
Mia Smyth;IRL;3;1280;1;37
Mar Garcia Carnicero;ESP;3;1280;1;37
Amanda Vasquez Gonzalez;CHI;3;1280;1;37
Marina Serrano Herrera;ESP;3;1280;1;37
Desire Parn;EST;3;1280;1;37
Adriana More;ARG;3;1280;1;37
Dalal Chahuan;CHI;3;1280;1;37
Olivia Collins;GBR;3;1280;1;37
Erika Asada;JPN;3;1280;1;37
Mako Mizunuma;JPN;3;1280;1;37
Elena Carrillo Gonzalez;ESP;3;1280;1;37
Maria Villalba Elena;ESP;3;1280;1;37
Sabrina Stevens;GBR;3;1280;1;37
Ayumi Hanahata;JPN;3;1280;1;37
Stephanie Gomperts;NED;3;1280;1;37
Hannah Stockton;GBR;3;1280;1;37
Elena Esparcia Canada;ESP;3;1280;1;38
Maria Farre Aguilera;ESP;3;1280;1;38
Sohvi Vehko;FIN;3;1280;1;38
Pilar Albarran Villalon;ESP;3;1280;1;38
Aldryanna Ahmad Shah;MAS;3;1280;1;38
Laura Çiftçi;GBR;3;1280;1;38
Hala Alzayani;BRN;3;1280;1;38
Skaiste Brazenaite Vasiliauskiene;LTU;3;1280;1;38
Joyce Nouws;NED;3;1280;1;38
Leonor Silva Oliveira;POR;3;1280;1;38
Alba Montiel Miralles;ESP;3;1280;1;38
Eloise Marais;FRA;3;1280;1;38
Julie Hill;IRL;3;1280;1;38
Walquiria Bley;LUX;3;1280;1;38
Natasha Forrest;GBR;3;1280;1;38
Liliana Cabezas;ARG;3;1280;1;38
Sinead Lohan;IRL;3;1280;1;38
Ligita Motiejauskaite;LTU;3;1280;1;38
Caroline Francois;LUX;3;1280;1;38
Linnea Granberg;SWE;3;1280;1;38
Olga Velazquez Perez;ESP;3;1280;1;38
Karime Betsabe Eberle;ARG;3;1280;1;38
Ingrid Planas Puig;ESP;3;1280;1;38
Sophie Bray;GBR;3;1280;-475;38
Nayra Cantos Arencon;ESP;3;1280;1;38
Tania Couto;POR;3;1280;1;38
Elsa Rossi Hens;ESP;3;1280;1;38
Lola Mansfeldt;LUX;3;1280;1;38
Indre Kastanauskaite;LTU;3;1280;1;38
Kerttu Ryhänen;FIN;3;1280;1;38
Lisa Keegan;IRL;3;1280;1;38
Blanca Puig Caballero;ESP;3;1280;1;38
Arianna Ceccaroni;LUX;3;1280;1;38
Patrycja Kozluk;POL;3;1280;1;38
Hanin Shady;BRN;3;1280;1;38
Izabela Kunat;POL;3;1280;1;38
Federica Di Iorio;ITA;3;1280;1;39
Haruna Obata;JPN;3;1280;1;39
Areel Alblehed;KSA;3;1280;1;39
Ines Lozano Hortelano;ESP;3;1280;1;39
Lolwa Al Hamad;QAT;3;1280;1;39
Roxy Van Wonterghem;BEL;3;1280;1;39
Roxane Lacroix;BEL;3;1280;1;39
Iida Palo;FIN;3;1280;1;39
Viktorija Banaityte;LTU;3;1280;1;39
Natasha Feidt;LUX;3;1280;1;39
Maryam Shahdoor;UAE;3;1280;1;39
Marjorie Croke;IRL;3;1280;1;39
Dai Alnaimi;BRN;3;1280;1;39
Mariam Alsarraj;KUW;3;1280;1;39
Catalina Wiedmaier Olivares;CHI;3;1280;1;39
Egle Beige;LTU;3;1280;1;39
Cagla Irmak Badem;TUR;3;1280;1;39
Ines Frias Rojas;ESP;2;1386;1;39
Biljana Billie Gajic;SWE;2;1386;1;39
Lucia Lopez Muñoz;ESP;2;1386;1;39
Carmen Camino;ESP;2;1386;1;39
Carmen Medina Gallego;ESP;2;1386;1;39
Marina Tudela Bonet;ESP;2;1386;1;39
Matilde Del Col Balletto;ITA;2;1386;1;39
Varvara Popova;RUS;2;1386;1;39
Andrea Sanchez Carro;ESP;2;1386;1;39
Lucila Guerrero;ARG;2;1386;1;39
Irene García Del Moral;ESP;2;1386;1;39
Milica Tesic;SRB;2;1386;1;39
Laura Del Olmo Diaz;ESP;2;1386;1;39
Alba Zanon Bodi;ESP;2;1386;1;39
Tamara Obradovi?;SRB;2;1386;1;39
Maria Breidy;LBN;2;1386;1;39
Patricia Brandao Almeida;POR;2;1386;1;39
Neda Vukman;SRB;2;1386;1;39
Vera Machado;POR;2;1386;1;39
Rovanny Conle Castillo;ESP;2;1386;1;40
Joana Martins Brito Figueirôa Da Silva;POR;2;1386;1;40
Joana Zanatti;POR;2;1386;1;40
Rocío Martínez Collado;ESP;2;1386;1;40
Elma Misanovic;SWE;2;1386;1;40
Nerea Sanchez Batanero;ESP;2;1386;1;40
Aysan Absalan;IRI;2;1386;1;40
Neda Mohammad Taghipour;IRI;1;1412;8;40
Gema Soriano Llorens;ESP;1;1412;8;40
Sarah Lisa Aubertin;TUN;1;1412;8;40
Marina Fedanova;RUS;1;1412;8;40
